-- Adminer 2.0 MySQL dump

SET NAMES utf8;
SET time_zone = '+00:00';
SET foreign_key_checks = 0;
SET sql_mode = 'NO_AUTO_VALUE_ON_ZERO';

DROP TABLE IF EXISTS `auth_group`;
CREATE TABLE `auth_group` (
  `id` int(11) NOT NULL AUTO_INCREMENT,
  `name` varchar(80) NOT NULL,
  PRIMARY KEY (`id`),
  UNIQUE KEY `name` (`name`)
) ENGINE=InnoDB DEFAULT CHARSET=latin1;


DROP TABLE IF EXISTS `auth_group_permissions`;
CREATE TABLE `auth_group_permissions` (
  `id` int(11) NOT NULL AUTO_INCREMENT,
  `group_id` int(11) NOT NULL,
  `permission_id` int(11) NOT NULL,
  PRIMARY KEY (`id`),
  UNIQUE KEY `auth_group_permissions_group_id_0cd325b0_uniq` (`group_id`,`permission_id`),
  KEY `auth_group_permissi_permission_id_84c5c92e_fk_auth_permission_id` (`permission_id`),
  CONSTRAINT `auth_group_permissi_permission_id_84c5c92e_fk_auth_permission_id` FOREIGN KEY (`permission_id`) REFERENCES `auth_permission` (`id`),
  CONSTRAINT `auth_group_permissions_group_id_b120cbf9_fk_auth_group_id` FOREIGN KEY (`group_id`) REFERENCES `auth_group` (`id`)
) ENGINE=InnoDB DEFAULT CHARSET=latin1;


DROP TABLE IF EXISTS `auth_permission`;
CREATE TABLE `auth_permission` (
  `id` int(11) NOT NULL AUTO_INCREMENT,
  `name` varchar(255) NOT NULL,
  `content_type_id` int(11) NOT NULL,
  `codename` varchar(100) NOT NULL,
  PRIMARY KEY (`id`),
  UNIQUE KEY `auth_permission_content_type_id_01ab375a_uniq` (`content_type_id`,`codename`),
  CONSTRAINT `auth_permissi_content_type_id_2f476e4b_fk_django_content_type_id` FOREIGN KEY (`content_type_id`) REFERENCES `django_content_type` (`id`)
) ENGINE=InnoDB AUTO_INCREMENT=19 DEFAULT CHARSET=latin1;

INSERT INTO `auth_permission` (`id`, `name`, `content_type_id`, `codename`) VALUES
(1,	'Can add log entry',	1,	'add_logentry'),
(2,	'Can change log entry',	1,	'change_logentry'),
(3,	'Can delete log entry',	1,	'delete_logentry'),
(4,	'Can add permission',	2,	'add_permission'),
(5,	'Can change permission',	2,	'change_permission'),
(6,	'Can delete permission',	2,	'delete_permission'),
(7,	'Can add group',	3,	'add_group'),
(8,	'Can change group',	3,	'change_group'),
(9,	'Can delete group',	3,	'delete_group'),
(10,	'Can add user',	4,	'add_user'),
(11,	'Can change user',	4,	'change_user'),
(12,	'Can delete user',	4,	'delete_user'),
(13,	'Can add content type',	5,	'add_contenttype'),
(14,	'Can change content type',	5,	'change_contenttype'),
(15,	'Can delete content type',	5,	'delete_contenttype'),
(16,	'Can add session',	6,	'add_session'),
(17,	'Can change session',	6,	'change_session'),
(18,	'Can delete session',	6,	'delete_session');

DROP TABLE IF EXISTS `auth_user`;
CREATE TABLE `auth_user` (
  `id` int(11) NOT NULL AUTO_INCREMENT,
  `password` varchar(128) NOT NULL,
  `last_login` datetime(6) DEFAULT NULL,
  `is_superuser` tinyint(1) NOT NULL,
  `username` varchar(30) NOT NULL,
  `first_name` varchar(30) NOT NULL,
  `last_name` varchar(30) NOT NULL,
  `email` varchar(254) NOT NULL,
  `is_staff` tinyint(1) NOT NULL,
  `is_active` tinyint(1) NOT NULL,
  `date_joined` datetime(6) NOT NULL,
  PRIMARY KEY (`id`),
  UNIQUE KEY `username` (`username`)
) ENGINE=InnoDB DEFAULT CHARSET=latin1;


DROP TABLE IF EXISTS `auth_user_groups`;
CREATE TABLE `auth_user_groups` (
  `id` int(11) NOT NULL AUTO_INCREMENT,
  `user_id` int(11) NOT NULL,
  `group_id` int(11) NOT NULL,
  PRIMARY KEY (`id`),
  UNIQUE KEY `auth_user_groups_user_id_94350c0c_uniq` (`user_id`,`group_id`),
  KEY `auth_user_groups_group_id_97559544_fk_auth_group_id` (`group_id`),
  CONSTRAINT `auth_user_groups_group_id_97559544_fk_auth_group_id` FOREIGN KEY (`group_id`) REFERENCES `auth_group` (`id`),
  CONSTRAINT `auth_user_groups_user_id_6a12ed8b_fk_auth_user_id` FOREIGN KEY (`user_id`) REFERENCES `auth_user` (`id`)
) ENGINE=InnoDB DEFAULT CHARSET=latin1;


DROP TABLE IF EXISTS `auth_user_user_permissions`;
CREATE TABLE `auth_user_user_permissions` (
  `id` int(11) NOT NULL AUTO_INCREMENT,
  `user_id` int(11) NOT NULL,
  `permission_id` int(11) NOT NULL,
  PRIMARY KEY (`id`),
  UNIQUE KEY `auth_user_user_permissions_user_id_14a6b632_uniq` (`user_id`,`permission_id`),
  KEY `auth_user_user_perm_permission_id_1fbb5f2c_fk_auth_permission_id` (`permission_id`),
  CONSTRAINT `auth_user_user_perm_permission_id_1fbb5f2c_fk_auth_permission_id` FOREIGN KEY (`permission_id`) REFERENCES `auth_permission` (`id`),
  CONSTRAINT `auth_user_user_permissions_user_id_a95ead1b_fk_auth_user_id` FOREIGN KEY (`user_id`) REFERENCES `auth_user` (`id`)
) ENGINE=InnoDB DEFAULT CHARSET=latin1;


DROP TABLE IF EXISTS `django_admin_log`;
CREATE TABLE `django_admin_log` (
  `id` int(11) NOT NULL AUTO_INCREMENT,
  `action_time` datetime(6) NOT NULL,
  `object_id` longtext,
  `object_repr` varchar(200) NOT NULL,
  `action_flag` smallint(5) unsigned NOT NULL,
  `change_message` longtext NOT NULL,
  `content_type_id` int(11) DEFAULT NULL,
  `user_id` int(11) NOT NULL,
  PRIMARY KEY (`id`),
  KEY `django_admin__content_type_id_c4bce8eb_fk_django_content_type_id` (`content_type_id`),
  KEY `django_admin_log_user_id_c564eba6_fk_auth_user_id` (`user_id`),
  CONSTRAINT `django_admin_log_user_id_c564eba6_fk_auth_user_id` FOREIGN KEY (`user_id`) REFERENCES `auth_user` (`id`),
  CONSTRAINT `django_admin__content_type_id_c4bce8eb_fk_django_content_type_id` FOREIGN KEY (`content_type_id`) REFERENCES `django_content_type` (`id`)
) ENGINE=InnoDB DEFAULT CHARSET=latin1;


DROP TABLE IF EXISTS `django_content_type`;
CREATE TABLE `django_content_type` (
  `id` int(11) NOT NULL AUTO_INCREMENT,
  `app_label` varchar(100) NOT NULL,
  `model` varchar(100) NOT NULL,
  PRIMARY KEY (`id`),
  UNIQUE KEY `django_content_type_app_label_76bd3d3b_uniq` (`app_label`,`model`)
) ENGINE=InnoDB AUTO_INCREMENT=7 DEFAULT CHARSET=latin1;

INSERT INTO `django_content_type` (`id`, `app_label`, `model`) VALUES
(1,	'admin',	'logentry'),
(3,	'auth',	'group'),
(2,	'auth',	'permission'),
(4,	'auth',	'user'),
(5,	'contenttypes',	'contenttype'),
(6,	'sessions',	'session');

DROP TABLE IF EXISTS `django_migrations`;
CREATE TABLE `django_migrations` (
  `id` int(11) NOT NULL AUTO_INCREMENT,
  `app` varchar(255) NOT NULL,
  `name` varchar(255) NOT NULL,
  `applied` datetime(6) NOT NULL,
  PRIMARY KEY (`id`)
) ENGINE=InnoDB AUTO_INCREMENT=13 DEFAULT CHARSET=latin1;

INSERT INTO `django_migrations` (`id`, `app`, `name`, `applied`) VALUES
(1,	'contenttypes',	'0001_initial',	'2018-03-22 02:28:53.225996'),
(2,	'auth',	'0001_initial',	'2018-03-22 02:29:12.043476'),
(3,	'admin',	'0001_initial',	'2018-03-22 02:29:16.293594'),
(4,	'admin',	'0002_logentry_remove_auto_add',	'2018-03-22 02:29:16.506255'),
(5,	'contenttypes',	'0002_remove_content_type_name',	'2018-03-22 02:29:19.144765'),
(6,	'auth',	'0002_alter_permission_name_max_length',	'2018-03-22 02:29:20.747164'),
(7,	'auth',	'0003_alter_user_email_max_length',	'2018-03-22 02:29:22.253262'),
(8,	'auth',	'0004_alter_user_username_opts',	'2018-03-22 02:29:22.306913'),
(9,	'auth',	'0005_alter_user_last_login_null',	'2018-03-22 02:29:23.878701'),
(10,	'auth',	'0006_require_contenttypes_0002',	'2018-03-22 02:29:23.911261'),
(11,	'auth',	'0007_alter_validators_add_error_messages',	'2018-03-22 02:29:23.967604'),
(12,	'sessions',	'0001_initial',	'2018-03-22 02:29:25.191982');

DROP TABLE IF EXISTS `django_session`;
CREATE TABLE `django_session` (
  `session_key` varchar(40) NOT NULL,
  `session_data` longtext NOT NULL,
  `expire_date` datetime(6) NOT NULL,
  PRIMARY KEY (`session_key`),
  KEY `django_session_de54fa62` (`expire_date`)
) ENGINE=InnoDB DEFAULT CHARSET=latin1;


DROP TABLE IF EXISTS `notifications`;
CREATE TABLE `notifications` (
  `id` int(11) NOT NULL AUTO_INCREMENT,
  `days` int(11) NOT NULL,
  `unread` tinyint(4) NOT NULL DEFAULT '1',
  `truck_id` int(11) NOT NULL,
  `created_at` timestamp NOT NULL DEFAULT CURRENT_TIMESTAMP,
  `type_expiry` int(11) NOT NULL,
  PRIMARY KEY (`id`),
  KEY `truck_id` (`truck_id`),
  CONSTRAINT `notifications_ibfk_1` FOREIGN KEY (`truck_id`) REFERENCES `truck` (`id`)
) ENGINE=InnoDB AUTO_INCREMENT=242 DEFAULT CHARSET=latin1;

INSERT INTO `notifications` (`id`, `days`, `unread`, `truck_id`, `created_at`, `type_expiry`) VALUES
(1,	7,	1,	1,	'2018-03-22 19:22:11',	0),
(2,	7,	1,	81,	'2018-03-22 19:22:11',	0),
(3,	7,	1,	308,	'2018-03-22 19:22:12',	0),
(4,	7,	1,	337,	'2018-03-22 19:22:12',	0),
(5,	7,	1,	383,	'2018-03-22 19:22:12',	0),
(6,	7,	1,	448,	'2018-03-22 19:22:12',	0),
(7,	7,	1,	470,	'2018-03-22 19:22:12',	0),
(8,	7,	1,	541,	'2018-03-22 19:22:12',	0),
(9,	7,	1,	759,	'2018-03-22 19:22:12',	0),
(10,	7,	1,	786,	'2018-03-22 19:22:12',	0),
(11,	7,	1,	841,	'2018-03-22 19:22:12',	0),
(12,	7,	1,	852,	'2018-03-22 19:22:12',	0),
(13,	7,	1,	878,	'2018-03-22 19:22:12',	0),
(14,	7,	1,	889,	'2018-03-22 19:22:12',	0),
(15,	14,	1,	91,	'2018-03-22 19:22:12',	0),
(16,	14,	1,	110,	'2018-03-22 19:22:12',	0),
(17,	14,	1,	159,	'2018-03-22 19:22:12',	0),
(18,	14,	1,	242,	'2018-03-22 19:22:12',	0),
(19,	14,	1,	303,	'2018-03-22 19:22:13',	0),
(20,	14,	1,	323,	'2018-03-22 19:22:13',	0),
(21,	14,	1,	394,	'2018-03-22 19:22:13',	0),
(22,	14,	1,	471,	'2018-03-22 19:22:13',	0),
(23,	14,	1,	545,	'2018-03-22 19:22:13',	0),
(24,	14,	1,	559,	'2018-03-22 19:22:13',	0),
(25,	14,	1,	630,	'2018-03-22 19:22:13',	0),
(26,	14,	1,	685,	'2018-03-22 19:22:13',	0),
(27,	14,	1,	695,	'2018-03-22 19:22:13',	0),
(28,	14,	1,	771,	'2018-03-22 19:22:13',	0),
(29,	14,	1,	842,	'2018-03-22 19:22:13',	0),
(30,	14,	1,	853,	'2018-03-22 19:22:13',	0),
(31,	14,	1,	882,	'2018-03-22 19:22:13',	0),
(32,	14,	1,	915,	'2018-03-22 19:22:13',	0),
(33,	14,	1,	947,	'2018-03-22 19:22:13',	0),
(34,	14,	1,	956,	'2018-03-22 19:22:13',	0),
(35,	14,	1,	976,	'2018-03-22 19:22:13',	0),
(36,	30,	1,	10,	'2018-03-22 19:22:13',	0),
(37,	30,	1,	11,	'2018-03-22 19:22:13',	0),
(38,	30,	1,	53,	'2018-03-22 19:22:13',	0),
(39,	30,	1,	66,	'2018-03-22 19:22:13',	0),
(40,	30,	1,	84,	'2018-03-22 19:22:13',	0),
(41,	30,	1,	101,	'2018-03-22 19:22:13',	0),
(42,	30,	1,	123,	'2018-03-22 19:22:13',	0),
(43,	30,	1,	156,	'2018-03-22 19:22:13',	0),
(44,	30,	1,	157,	'2018-03-22 19:22:14',	0),
(45,	30,	1,	203,	'2018-03-22 19:22:14',	0),
(46,	30,	1,	209,	'2018-03-22 19:22:14',	0),
(47,	30,	1,	232,	'2018-03-22 19:22:14',	0),
(48,	30,	1,	265,	'2018-03-22 19:22:14',	0),
(49,	30,	1,	301,	'2018-03-22 19:22:14',	0),
(50,	30,	1,	312,	'2018-03-22 19:22:14',	0),
(51,	30,	1,	319,	'2018-03-22 19:22:14',	0),
(52,	30,	1,	321,	'2018-03-22 19:22:14',	0),
(53,	30,	1,	327,	'2018-03-22 19:22:14',	0),
(54,	30,	1,	367,	'2018-03-22 19:22:14',	0),
(55,	30,	1,	401,	'2018-03-22 19:22:14',	0),
(56,	30,	1,	412,	'2018-03-22 19:22:14',	0),
(57,	30,	1,	413,	'2018-03-22 19:22:14',	0),
(58,	30,	1,	444,	'2018-03-22 19:22:14',	0),
(59,	30,	1,	478,	'2018-03-22 19:22:14',	0),
(60,	30,	1,	505,	'2018-03-22 19:22:14',	0),
(61,	30,	1,	537,	'2018-03-22 19:22:14',	0),
(62,	30,	1,	633,	'2018-03-22 19:22:14',	0),
(63,	30,	1,	638,	'2018-03-22 19:22:14',	0),
(64,	30,	1,	676,	'2018-03-22 19:22:14',	0),
(65,	30,	1,	719,	'2018-03-22 19:22:15',	0),
(66,	30,	1,	788,	'2018-03-22 19:22:15',	0),
(67,	30,	1,	792,	'2018-03-22 19:22:15',	0),
(68,	30,	1,	815,	'2018-03-22 19:22:15',	0),
(69,	30,	1,	816,	'2018-03-22 19:22:15',	0),
(70,	30,	1,	818,	'2018-03-22 19:22:15',	0),
(71,	30,	1,	828,	'2018-03-22 19:22:15',	0),
(72,	30,	1,	858,	'2018-03-22 19:22:15',	0),
(73,	30,	1,	862,	'2018-03-22 19:22:15',	0),
(74,	30,	1,	978,	'2018-03-22 19:22:15',	0),
(75,	7,	1,	17,	'2018-03-22 19:22:15',	1),
(76,	7,	1,	30,	'2018-03-22 19:22:15',	1),
(77,	7,	1,	105,	'2018-03-22 19:22:15',	1),
(78,	7,	1,	186,	'2018-03-22 19:22:15',	1),
(79,	7,	1,	188,	'2018-03-22 19:22:15',	1),
(80,	7,	1,	210,	'2018-03-22 19:22:15',	1),
(81,	7,	1,	374,	'2018-03-22 19:22:15',	1),
(82,	7,	1,	461,	'2018-03-22 19:22:15',	1),
(83,	7,	1,	520,	'2018-03-22 19:22:15',	1),
(84,	7,	1,	525,	'2018-03-22 19:22:15',	1),
(85,	7,	1,	653,	'2018-03-22 19:22:15',	1),
(86,	7,	1,	700,	'2018-03-22 19:22:16',	1),
(87,	7,	1,	749,	'2018-03-22 19:22:16',	1),
(88,	7,	1,	758,	'2018-03-22 19:22:16',	1),
(89,	7,	1,	765,	'2018-03-22 19:22:16',	1),
(90,	7,	1,	778,	'2018-03-22 19:22:16',	1),
(91,	7,	1,	792,	'2018-03-22 19:22:16',	1),
(92,	7,	1,	810,	'2018-03-22 19:22:16',	1),
(93,	7,	1,	833,	'2018-03-22 19:22:16',	1),
(94,	7,	1,	835,	'2018-03-22 19:22:16',	1),
(95,	7,	1,	883,	'2018-03-22 19:22:16',	1),
(96,	7,	1,	891,	'2018-03-22 19:22:16',	1),
(97,	14,	1,	16,	'2018-03-22 19:22:16',	1),
(98,	14,	1,	44,	'2018-03-22 19:22:16',	1),
(99,	14,	1,	159,	'2018-03-22 19:22:16',	1),
(100,	14,	1,	241,	'2018-03-22 19:22:16',	1),
(101,	14,	1,	254,	'2018-03-22 19:22:16',	1),
(102,	14,	1,	302,	'2018-03-22 19:22:16',	1),
(103,	14,	1,	346,	'2018-03-22 19:22:16',	1),
(104,	14,	1,	402,	'2018-03-22 19:22:16',	1),
(105,	14,	1,	413,	'2018-03-22 19:22:16',	1),
(106,	14,	1,	414,	'2018-03-22 19:22:16',	1),
(107,	14,	1,	438,	'2018-03-22 19:22:16',	1),
(108,	14,	1,	455,	'2018-03-22 19:22:16',	1),
(109,	14,	1,	570,	'2018-03-22 19:22:17',	1),
(110,	14,	1,	591,	'2018-03-22 19:22:17',	1),
(111,	14,	1,	595,	'2018-03-22 19:22:17',	1),
(112,	14,	1,	655,	'2018-03-22 19:22:17',	1),
(113,	14,	1,	666,	'2018-03-22 19:22:17',	1),
(114,	14,	1,	690,	'2018-03-22 19:22:17',	1),
(115,	14,	1,	759,	'2018-03-22 19:22:17',	1),
(116,	14,	1,	796,	'2018-03-22 19:22:17',	1),
(117,	14,	1,	829,	'2018-03-22 19:22:17',	1),
(118,	14,	1,	885,	'2018-03-22 19:22:17',	1),
(119,	14,	1,	905,	'2018-03-22 19:22:17',	1),
(120,	14,	1,	953,	'2018-03-22 19:22:17',	1),
(121,	14,	1,	971,	'2018-03-22 19:22:17',	1),
(122,	14,	1,	998,	'2018-03-22 19:22:17',	1),
(123,	30,	1,	4,	'2018-03-22 19:22:17',	1),
(124,	30,	1,	31,	'2018-03-22 19:22:17',	1),
(125,	30,	1,	45,	'2018-03-22 19:22:17',	1),
(126,	30,	1,	51,	'2018-03-22 19:22:17',	1),
(127,	30,	1,	107,	'2018-03-22 19:22:17',	1),
(128,	30,	1,	110,	'2018-03-22 19:22:17',	1),
(129,	30,	1,	156,	'2018-03-22 19:22:17',	1),
(130,	30,	1,	178,	'2018-03-22 19:22:17',	1),
(131,	30,	1,	181,	'2018-03-22 19:22:17',	1),
(132,	30,	1,	183,	'2018-03-22 19:22:18',	1),
(133,	30,	1,	191,	'2018-03-22 19:22:18',	1),
(134,	30,	1,	257,	'2018-03-22 19:22:18',	1),
(135,	30,	1,	276,	'2018-03-22 19:22:18',	1),
(136,	30,	1,	322,	'2018-03-22 19:22:18',	1),
(137,	30,	1,	331,	'2018-03-22 19:22:18',	1),
(138,	30,	1,	375,	'2018-03-22 19:22:18',	1),
(139,	30,	1,	390,	'2018-03-22 19:22:18',	1),
(140,	30,	1,	399,	'2018-03-22 19:22:18',	1),
(141,	30,	1,	421,	'2018-03-22 19:22:18',	1),
(142,	30,	1,	436,	'2018-03-22 19:22:18',	1),
(143,	30,	1,	439,	'2018-03-22 19:22:18',	1),
(144,	30,	1,	445,	'2018-03-22 19:22:18',	1),
(145,	30,	1,	447,	'2018-03-22 19:22:18',	1),
(146,	30,	1,	493,	'2018-03-22 19:22:18',	1),
(147,	30,	1,	584,	'2018-03-22 19:22:18',	1),
(148,	30,	1,	606,	'2018-03-22 19:22:18',	1),
(149,	30,	1,	620,	'2018-03-22 19:22:18',	1),
(150,	30,	1,	633,	'2018-03-22 19:22:18',	1),
(151,	30,	1,	651,	'2018-03-22 19:22:18',	1),
(152,	30,	1,	662,	'2018-03-22 19:22:18',	1),
(153,	30,	1,	663,	'2018-03-22 19:22:18',	1),
(154,	30,	1,	722,	'2018-03-22 19:22:19',	1),
(155,	30,	1,	740,	'2018-03-22 19:22:19',	1),
(156,	30,	1,	777,	'2018-03-22 19:22:19',	1),
(157,	30,	1,	782,	'2018-03-22 19:22:19',	1),
(158,	30,	1,	794,	'2018-03-22 19:22:19',	1),
(159,	30,	1,	830,	'2018-03-22 19:22:19',	1),
(160,	30,	1,	858,	'2018-03-22 19:22:19',	1),
(161,	30,	1,	861,	'2018-03-22 19:22:19',	1),
(162,	30,	1,	887,	'2018-03-22 19:22:19',	1),
(163,	30,	1,	928,	'2018-03-22 19:22:19',	1),
(164,	30,	1,	929,	'2018-03-22 19:22:19',	1),
(165,	30,	1,	940,	'2018-03-22 19:22:19',	1),
(166,	7,	1,	115,	'2018-03-22 19:22:19',	2),
(167,	7,	1,	165,	'2018-03-22 19:22:19',	2),
(168,	7,	1,	185,	'2018-03-22 19:22:19',	2),
(169,	7,	1,	235,	'2018-03-22 19:22:19',	2),
(170,	7,	1,	363,	'2018-03-22 19:22:19',	2),
(171,	7,	1,	476,	'2018-03-22 19:22:19',	2),
(172,	7,	1,	522,	'2018-03-22 19:22:19',	2),
(173,	7,	1,	777,	'2018-03-22 19:22:19',	2),
(174,	7,	1,	786,	'2018-03-22 19:22:19',	2),
(175,	7,	1,	800,	'2018-03-22 19:22:19',	2),
(176,	7,	1,	804,	'2018-03-22 19:22:20',	2),
(177,	7,	1,	956,	'2018-03-22 19:22:20',	2),
(178,	7,	1,	980,	'2018-03-22 19:22:20',	2),
(179,	7,	1,	982,	'2018-03-22 19:22:20',	2),
(180,	7,	1,	995,	'2018-03-22 19:22:20',	2),
(181,	14,	1,	40,	'2018-03-22 19:22:20',	2),
(182,	14,	1,	44,	'2018-03-22 19:22:20',	2),
(183,	14,	1,	47,	'2018-03-22 19:22:20',	2),
(184,	14,	1,	71,	'2018-03-22 19:22:20',	2),
(185,	14,	1,	100,	'2018-03-22 19:22:20',	2),
(186,	14,	1,	105,	'2018-03-22 19:22:20',	2),
(187,	14,	1,	146,	'2018-03-22 19:22:20',	2),
(188,	14,	1,	147,	'2018-03-22 19:22:20',	2),
(189,	14,	1,	340,	'2018-03-22 19:22:20',	2),
(190,	14,	1,	550,	'2018-03-22 19:22:20',	2),
(191,	14,	1,	568,	'2018-03-22 19:22:20',	2),
(192,	14,	1,	603,	'2018-03-22 19:22:20',	2),
(193,	14,	1,	648,	'2018-03-22 19:22:20',	2),
(194,	14,	1,	672,	'2018-03-22 19:22:20',	2),
(195,	14,	1,	712,	'2018-03-22 19:22:21',	2),
(196,	14,	1,	808,	'2018-03-22 19:22:21',	2),
(197,	14,	1,	815,	'2018-03-22 19:22:21',	2),
(198,	14,	1,	817,	'2018-03-22 19:22:21',	2),
(199,	14,	1,	837,	'2018-03-22 19:22:21',	2),
(200,	14,	1,	848,	'2018-03-22 19:22:21',	2),
(201,	14,	1,	881,	'2018-03-22 19:22:21',	2),
(202,	14,	1,	904,	'2018-03-22 19:22:21',	2),
(203,	14,	1,	921,	'2018-03-22 19:22:21',	2),
(204,	30,	1,	17,	'2018-03-22 19:22:21',	2),
(205,	30,	1,	55,	'2018-03-22 19:22:21',	2),
(206,	30,	1,	81,	'2018-03-22 19:22:21',	2),
(207,	30,	1,	106,	'2018-03-22 19:22:21',	2),
(208,	30,	1,	113,	'2018-03-22 19:22:21',	2),
(209,	30,	1,	116,	'2018-03-22 19:22:21',	2),
(210,	30,	1,	128,	'2018-03-22 19:22:21',	2),
(211,	30,	1,	181,	'2018-03-22 19:22:21',	2),
(212,	30,	1,	195,	'2018-03-22 19:22:21',	2),
(213,	30,	1,	205,	'2018-03-22 19:22:21',	2),
(214,	30,	1,	273,	'2018-03-22 19:22:21',	2),
(215,	30,	1,	326,	'2018-03-22 19:22:21',	2),
(216,	30,	1,	334,	'2018-03-22 19:22:21',	2),
(217,	30,	1,	349,	'2018-03-22 19:22:21',	2),
(218,	30,	1,	350,	'2018-03-22 19:22:21',	2),
(219,	30,	1,	395,	'2018-03-22 19:22:21',	2),
(220,	30,	1,	417,	'2018-03-22 19:22:21',	2),
(221,	30,	1,	473,	'2018-03-22 19:22:21',	2),
(222,	30,	1,	507,	'2018-03-22 19:22:22',	2),
(223,	30,	1,	519,	'2018-03-22 19:22:22',	2),
(224,	30,	1,	553,	'2018-03-22 19:22:22',	2),
(225,	30,	1,	558,	'2018-03-22 19:22:22',	2),
(226,	30,	1,	570,	'2018-03-22 19:22:22',	2),
(227,	30,	1,	577,	'2018-03-22 19:22:22',	2),
(228,	30,	1,	581,	'2018-03-22 19:22:22',	2),
(229,	30,	1,	633,	'2018-03-22 19:22:22',	2),
(230,	30,	1,	666,	'2018-03-22 19:22:22',	2),
(231,	30,	1,	696,	'2018-03-22 19:22:22',	2),
(232,	30,	1,	709,	'2018-03-22 19:22:22',	2),
(233,	30,	1,	726,	'2018-03-22 19:22:22',	2),
(234,	30,	1,	736,	'2018-03-22 19:22:22',	2),
(235,	30,	1,	758,	'2018-03-22 19:22:23',	2),
(236,	30,	1,	771,	'2018-03-22 19:22:23',	2),
(237,	30,	1,	866,	'2018-03-22 19:22:23',	2),
(238,	30,	1,	933,	'2018-03-22 19:22:23',	2),
(239,	30,	1,	938,	'2018-03-22 19:22:23',	2),
(240,	30,	1,	957,	'2018-03-22 19:22:23',	2),
(241,	30,	1,	986,	'2018-03-22 19:22:23',	2);

DROP TABLE IF EXISTS `truck`;
CREATE TABLE `truck` (
  `id` int(11) NOT NULL AUTO_INCREMENT,
  `truck_number` varchar(10) NOT NULL,
  `insurance_expiry` datetime NOT NULL,
  `fitness_expiry` datetime NOT NULL,
  `pollution_expiry` datetime NOT NULL,
  `created_at` timestamp NOT NULL DEFAULT CURRENT_TIMESTAMP ON UPDATE CURRENT_TIMESTAMP,
  PRIMARY KEY (`id`)
) ENGINE=InnoDB AUTO_INCREMENT=1000 DEFAULT CHARSET=latin1;

INSERT INTO `truck` (`id`, `truck_number`, `insurance_expiry`, `fitness_expiry`, `pollution_expiry`, `created_at`) VALUES
(1,	'DL-0001',	'2018-03-29 06:25:42',	'2018-01-10 23:32:37',	'2018-05-13 08:09:23',	'2018-03-22 19:21:08'),
(2,	'DL-0002',	'2018-10-01 07:20:42',	'2018-07-20 17:21:47',	'2018-08-06 08:55:04',	'2018-03-22 19:21:08'),
(3,	'DL-0003',	'2018-08-25 03:26:53',	'2018-01-29 05:56:57',	'2018-11-07 03:30:31',	'2018-03-22 19:21:08'),
(4,	'DL-0004',	'2018-01-29 10:37:31',	'2018-04-13 12:24:11',	'2018-12-31 06:17:55',	'2018-03-22 19:21:08'),
(5,	'DL-0005',	'2018-12-04 11:14:46',	'2018-09-25 10:58:27',	'2018-01-31 20:57:34',	'2018-03-22 19:21:09'),
(6,	'DL-0006',	'2018-12-02 19:02:17',	'2018-04-25 08:53:33',	'2018-02-26 23:23:10',	'2018-03-22 19:21:09'),
(7,	'DL-0007',	'2018-01-27 07:58:05',	'2018-01-23 07:32:56',	'2018-10-15 16:15:41',	'2018-03-22 19:21:09'),
(8,	'DL-0008',	'2018-08-22 17:54:35',	'2018-05-04 05:55:04',	'2018-09-11 07:55:35',	'2018-03-22 19:21:09'),
(9,	'DL-0009',	'2018-02-14 17:44:24',	'2018-03-20 07:41:58',	'2018-06-07 10:25:11',	'2018-03-22 19:21:09'),
(10,	'DL-0010',	'2018-04-10 12:11:10',	'2018-12-28 04:20:55',	'2018-04-27 00:22:41',	'2018-03-22 19:21:09'),
(11,	'DL-0011',	'2018-04-10 02:22:04',	'2018-02-06 12:11:04',	'2018-09-16 07:33:19',	'2018-03-22 19:21:09'),
(12,	'DL-0012',	'2018-08-19 16:12:39',	'2018-03-11 06:08:47',	'2018-01-05 09:53:30',	'2018-03-22 19:21:09'),
(13,	'DL-0013',	'2018-11-04 06:19:28',	'2018-02-25 02:39:23',	'2018-12-20 10:37:55',	'2018-03-22 19:21:09'),
(14,	'DL-0014',	'2018-05-22 09:19:13',	'2018-01-15 06:29:10',	'2018-07-17 16:04:47',	'2018-03-22 19:21:09'),
(15,	'DL-0015',	'2018-02-01 20:25:48',	'2018-08-05 14:33:39',	'2018-08-18 22:46:24',	'2018-03-22 19:21:09'),
(16,	'DL-0016',	'2018-12-31 00:48:52',	'2018-04-05 01:17:22',	'2018-12-20 15:01:02',	'2018-03-22 19:21:09'),
(17,	'DL-0017',	'2018-01-25 20:40:49',	'2018-03-29 16:04:19',	'2018-04-09 21:18:18',	'2018-03-22 19:21:09'),
(18,	'DL-0018',	'2018-05-03 07:58:40',	'2018-08-08 13:42:19',	'2018-07-17 22:21:48',	'2018-03-22 19:21:09'),
(19,	'DL-0019',	'2018-05-08 00:24:15',	'2018-04-24 06:41:00',	'2018-05-14 16:56:49',	'2018-03-22 19:21:09'),
(20,	'DL-0020',	'2018-05-20 13:02:51',	'2018-02-10 11:39:54',	'2018-02-16 00:09:54',	'2018-03-22 19:21:09'),
(21,	'DL-0021',	'2018-12-15 21:55:07',	'2018-12-01 13:48:33',	'2018-07-06 00:55:49',	'2018-03-22 19:21:09'),
(22,	'DL-0022',	'2018-09-10 08:38:41',	'2018-06-17 05:41:08',	'2018-12-26 06:56:10',	'2018-03-22 19:21:09'),
(23,	'DL-0023',	'2018-05-26 14:42:03',	'2018-01-02 01:16:32',	'2018-02-04 03:22:11',	'2018-03-22 19:21:10'),
(24,	'DL-0024',	'2018-10-07 21:21:27',	'2018-07-06 17:03:31',	'2018-07-28 15:19:42',	'2018-03-22 19:21:10'),
(25,	'DL-0025',	'2018-11-18 00:58:31',	'2018-04-27 00:49:54',	'2018-10-19 13:25:14',	'2018-03-22 19:21:10'),
(26,	'DL-0026',	'2018-06-18 04:04:22',	'2018-07-30 04:06:39',	'2018-01-29 01:34:46',	'2018-03-22 19:21:10'),
(27,	'DL-0027',	'2018-12-02 14:22:22',	'2018-05-08 01:36:33',	'2018-07-14 15:15:43',	'2018-03-22 19:21:10'),
(28,	'DL-0028',	'2018-05-10 17:58:07',	'2018-05-13 16:53:10',	'2018-11-19 15:13:05',	'2018-03-22 19:21:10'),
(29,	'DL-0029',	'2018-11-03 02:01:37',	'2018-01-17 11:25:50',	'2018-07-23 07:29:37',	'2018-03-22 19:21:10'),
(30,	'DL-0030',	'2018-04-26 19:25:39',	'2018-03-29 10:48:13',	'2018-01-27 21:25:17',	'2018-03-22 19:21:10'),
(31,	'DL-0031',	'2018-08-29 20:36:16',	'2018-04-14 03:03:34',	'2018-09-29 11:46:06',	'2018-03-22 19:21:10'),
(32,	'DL-0032',	'2018-11-17 18:45:00',	'2018-07-10 09:07:59',	'2018-11-02 17:11:55',	'2018-03-22 19:21:10'),
(33,	'DL-0033',	'2018-02-04 20:55:35',	'2018-11-08 10:44:04',	'2018-10-04 06:50:02',	'2018-03-22 19:21:10'),
(34,	'DL-0034',	'2018-03-20 09:46:44',	'2018-04-25 03:46:37',	'2018-05-19 20:14:58',	'2018-03-22 19:21:10'),
(35,	'DL-0035',	'2018-08-03 10:39:47',	'2018-12-13 14:33:14',	'2018-01-23 11:41:57',	'2018-03-22 19:21:10'),
(36,	'DL-0036',	'2018-06-03 20:59:31',	'2018-08-10 09:53:59',	'2018-10-17 08:22:26',	'2018-03-22 19:21:10'),
(37,	'DL-0037',	'2018-05-31 23:28:24',	'2018-10-16 20:10:38',	'2018-09-07 03:18:52',	'2018-03-22 19:21:10'),
(38,	'DL-0038',	'2018-08-02 03:19:37',	'2018-12-12 03:15:50',	'2018-02-18 05:15:36',	'2018-03-22 19:21:10'),
(39,	'DL-0039',	'2018-08-09 02:32:05',	'2018-09-26 00:12:07',	'2018-08-28 10:34:43',	'2018-03-22 19:21:10'),
(40,	'DL-0040',	'2018-10-03 22:43:40',	'2018-05-29 21:00:11',	'2018-04-03 21:26:31',	'2018-03-22 19:21:10'),
(41,	'DL-0041',	'2018-05-06 15:51:32',	'2018-11-07 16:37:07',	'2018-08-23 18:12:12',	'2018-03-22 19:21:11'),
(42,	'DL-0042',	'2018-05-24 16:55:04',	'2018-05-03 13:43:23',	'2018-09-14 08:33:03',	'2018-03-22 19:21:11'),
(43,	'DL-0043',	'2018-09-15 02:12:18',	'2018-01-19 16:46:35',	'2018-01-24 14:06:34',	'2018-03-22 19:21:11'),
(44,	'DL-0044',	'2018-06-08 13:10:53',	'2018-03-31 04:44:50',	'2018-04-01 19:54:10',	'2018-03-22 19:21:11'),
(45,	'DL-0045',	'2018-02-06 09:37:27',	'2018-04-15 03:26:19',	'2018-10-04 22:02:07',	'2018-03-22 19:21:11'),
(46,	'DL-0046',	'2018-01-26 06:05:04',	'2018-03-01 16:59:00',	'2018-10-25 12:31:24',	'2018-03-22 19:21:11'),
(47,	'DL-0047',	'2018-05-30 18:23:41',	'2018-05-10 18:10:48',	'2018-04-04 12:57:50',	'2018-03-22 19:21:11'),
(48,	'DL-0048',	'2018-07-12 08:45:28',	'2018-12-23 22:19:35',	'2018-06-27 10:03:47',	'2018-03-22 19:21:11'),
(49,	'DL-0049',	'2018-02-04 06:45:28',	'2018-08-17 09:57:58',	'2018-08-04 15:52:54',	'2018-03-22 19:21:11'),
(50,	'DL-0050',	'2018-03-05 08:00:43',	'2018-08-18 08:08:30',	'2018-05-23 14:34:42',	'2018-03-22 19:21:11'),
(51,	'DL-0051',	'2018-01-05 14:28:23',	'2018-04-06 22:53:09',	'2018-01-23 22:33:41',	'2018-03-22 19:21:11'),
(52,	'DL-0052',	'2018-11-19 15:16:56',	'2018-12-25 18:05:25',	'2018-10-03 18:09:44',	'2018-03-22 19:21:11'),
(53,	'DL-0053',	'2018-04-17 01:41:13',	'2018-10-03 11:55:29',	'2018-03-19 18:36:03',	'2018-03-22 19:21:11'),
(54,	'DL-0054',	'2018-09-22 14:16:02',	'2018-05-11 17:34:55',	'2018-07-06 00:28:06',	'2018-03-22 19:21:11'),
(55,	'DL-0055',	'2018-01-16 22:05:24',	'2018-07-10 06:51:47',	'2018-04-07 18:25:13',	'2018-03-22 19:21:11'),
(56,	'DL-0056',	'2018-08-04 21:46:24',	'2018-05-18 19:17:37',	'2018-07-25 12:11:37',	'2018-03-22 19:21:11'),
(57,	'DL-0057',	'2018-05-12 21:08:07',	'2018-07-08 04:08:56',	'2018-01-05 15:24:17',	'2018-03-22 19:21:11'),
(58,	'DL-0058',	'2018-07-15 14:25:40',	'2018-07-21 00:48:14',	'2018-12-15 15:05:41',	'2018-03-22 19:21:11'),
(59,	'DL-0059',	'2018-11-29 11:17:13',	'2018-05-21 05:20:53',	'2018-05-20 23:29:16',	'2018-03-22 19:21:11'),
(60,	'DL-0060',	'2018-06-26 19:15:53',	'2018-07-16 22:03:52',	'2018-08-20 04:51:28',	'2018-03-22 19:21:11'),
(61,	'DL-0061',	'2018-05-13 15:26:19',	'2018-07-19 05:28:13',	'2018-03-15 08:59:30',	'2018-03-22 19:21:12'),
(62,	'DL-0062',	'2018-12-15 05:21:54',	'2018-10-13 09:45:06',	'2018-11-07 19:19:26',	'2018-03-22 19:21:12'),
(63,	'DL-0063',	'2018-08-07 04:31:38',	'2018-12-24 19:59:29',	'2018-10-22 18:03:40',	'2018-03-22 19:21:12'),
(64,	'DL-0064',	'2018-12-01 08:21:53',	'2018-05-22 14:02:24',	'2018-01-18 11:35:50',	'2018-03-22 19:21:12'),
(65,	'DL-0065',	'2018-05-10 06:38:53',	'2018-01-03 00:21:11',	'2018-06-02 20:59:16',	'2018-03-22 19:21:12'),
(66,	'DL-0066',	'2018-04-20 13:35:21',	'2018-08-12 11:19:13',	'2018-05-27 21:48:03',	'2018-03-22 19:21:12'),
(67,	'DL-0067',	'2018-09-05 00:47:55',	'2018-04-25 22:10:51',	'2018-11-12 14:02:00',	'2018-03-22 19:21:12'),
(68,	'DL-0068',	'2018-11-29 19:41:31',	'2018-07-26 02:45:15',	'2018-09-07 10:40:12',	'2018-03-22 19:21:12'),
(69,	'DL-0069',	'2018-03-08 04:35:53',	'2018-03-19 23:30:06',	'2018-03-07 15:28:36',	'2018-03-22 19:21:12'),
(70,	'DL-0070',	'2018-07-15 10:21:14',	'2018-08-22 23:12:07',	'2018-08-09 21:19:51',	'2018-03-22 19:21:12'),
(71,	'DL-0071',	'2018-11-17 23:40:57',	'2018-07-31 15:30:16',	'2018-04-03 16:35:04',	'2018-03-22 19:21:12'),
(72,	'DL-0072',	'2018-02-15 06:29:06',	'2018-01-10 16:05:00',	'2018-06-21 06:05:49',	'2018-03-22 19:21:12'),
(73,	'DL-0073',	'2018-02-27 15:13:36',	'2018-11-04 11:47:19',	'2018-01-09 10:02:23',	'2018-03-22 19:21:12'),
(74,	'DL-0074',	'2018-08-08 18:40:35',	'2018-09-04 07:59:24',	'2018-11-22 12:03:31',	'2018-03-22 19:21:12'),
(75,	'DL-0075',	'2018-08-27 06:16:58',	'2018-05-19 10:44:13',	'2018-06-11 07:04:37',	'2018-03-22 19:21:12'),
(76,	'DL-0076',	'2018-04-23 19:02:34',	'2018-12-08 07:08:45',	'2018-10-26 13:21:44',	'2018-03-22 19:21:12'),
(77,	'DL-0077',	'2018-03-09 23:37:09',	'2018-04-22 16:25:19',	'2018-11-16 18:51:44',	'2018-03-22 19:21:12'),
(78,	'DL-0078',	'2018-07-03 10:43:50',	'2018-10-11 22:17:06',	'2018-11-29 01:00:55',	'2018-03-22 19:21:12'),
(79,	'DL-0079',	'2018-06-12 00:41:10',	'2018-10-02 07:12:53',	'2018-09-28 00:48:05',	'2018-03-22 19:21:12'),
(80,	'DL-0080',	'2018-12-15 08:33:00',	'2018-02-27 14:00:28',	'2018-09-28 22:17:40',	'2018-03-22 19:21:12'),
(81,	'DL-0081',	'2018-03-25 08:36:19',	'2018-10-22 20:31:44',	'2018-04-09 08:57:20',	'2018-03-22 19:21:13'),
(82,	'DL-0082',	'2018-11-17 15:18:19',	'2018-01-27 13:37:25',	'2018-07-20 00:27:03',	'2018-03-22 19:21:13'),
(83,	'DL-0083',	'2018-08-16 10:03:05',	'2018-01-31 13:55:57',	'2018-03-04 03:49:15',	'2018-03-22 19:21:13'),
(84,	'DL-0084',	'2018-04-09 12:16:07',	'2018-02-28 17:27:37',	'2018-03-01 01:19:55',	'2018-03-22 19:21:13'),
(85,	'DL-0085',	'2018-11-06 01:32:21',	'2018-09-09 16:24:55',	'2018-05-05 11:12:44',	'2018-03-22 19:21:13'),
(86,	'DL-0086',	'2018-01-10 12:11:53',	'2018-06-15 20:29:58',	'2018-12-29 18:43:40',	'2018-03-22 19:21:13'),
(87,	'DL-0087',	'2018-01-17 10:49:34',	'2018-09-04 07:59:04',	'2018-11-05 06:18:39',	'2018-03-22 19:21:13'),
(88,	'DL-0088',	'2018-03-08 18:00:18',	'2018-12-20 14:59:52',	'2018-01-11 04:18:59',	'2018-03-22 19:21:13'),
(89,	'DL-0089',	'2018-10-06 19:05:48',	'2018-03-03 14:56:15',	'2018-02-11 08:02:35',	'2018-03-22 19:21:13'),
(90,	'DL-0090',	'2018-03-10 19:30:43',	'2018-01-25 02:03:54',	'2018-08-19 22:23:03',	'2018-03-22 19:21:13'),
(91,	'DL-0091',	'2018-04-02 11:04:59',	'2018-05-15 21:23:53',	'2018-12-29 07:46:13',	'2018-03-22 19:21:13'),
(92,	'DL-0092',	'2018-01-05 08:07:50',	'2018-06-12 18:24:33',	'2018-05-23 07:22:21',	'2018-03-22 19:21:13'),
(93,	'DL-0093',	'2018-10-02 04:30:51',	'2018-10-17 12:27:30',	'2018-09-17 22:03:39',	'2018-03-22 19:21:13'),
(94,	'DL-0094',	'2018-11-13 08:55:37',	'2018-05-08 04:03:58',	'2018-12-06 09:49:01',	'2018-03-22 19:21:13'),
(95,	'DL-0095',	'2018-07-06 05:56:34',	'2018-11-22 12:39:40',	'2018-07-14 14:11:50',	'2018-03-22 19:21:13'),
(96,	'DL-0096',	'2018-10-15 09:41:23',	'2018-12-04 08:31:40',	'2018-05-20 19:58:26',	'2018-03-22 19:21:13'),
(97,	'DL-0097',	'2018-06-01 03:25:01',	'2018-12-05 13:21:51',	'2018-07-09 17:52:10',	'2018-03-22 19:21:13'),
(98,	'DL-0098',	'2018-11-24 03:14:36',	'2018-03-08 20:26:54',	'2018-03-22 11:23:09',	'2018-03-22 19:21:13'),
(99,	'DL-0099',	'2018-11-27 14:28:42',	'2018-04-22 09:10:10',	'2018-09-21 00:25:13',	'2018-03-22 19:21:13'),
(100,	'DL-0100',	'2018-08-17 21:31:58',	'2018-09-02 19:11:45',	'2018-04-04 03:36:53',	'2018-03-22 19:21:13'),
(101,	'DL-0101',	'2018-04-13 20:31:40',	'2018-01-12 06:45:45',	'2018-01-02 02:41:26',	'2018-03-22 19:21:13'),
(102,	'DL-0102',	'2018-11-09 05:55:51',	'2018-05-31 04:18:44',	'2018-03-06 02:09:33',	'2018-03-22 19:21:13'),
(103,	'DL-0103',	'2018-05-26 17:21:23',	'2018-12-17 00:02:13',	'2018-11-05 06:43:42',	'2018-03-22 19:21:14'),
(104,	'DL-0104',	'2018-06-11 11:55:24',	'2018-01-15 11:24:43',	'2018-04-23 12:40:37',	'2018-03-22 19:21:14'),
(105,	'DL-0105',	'2018-07-08 03:55:02',	'2018-03-25 16:06:43',	'2018-03-30 14:02:10',	'2018-03-22 19:21:14'),
(106,	'DL-0106',	'2018-01-06 18:41:13',	'2018-03-08 04:03:24',	'2018-04-17 19:02:53',	'2018-03-22 19:21:14'),
(107,	'DL-0107',	'2018-06-26 12:17:47',	'2018-04-10 17:11:04',	'2018-01-22 21:00:43',	'2018-03-22 19:21:14'),
(108,	'DL-0108',	'2018-08-10 04:18:11',	'2018-12-30 21:13:13',	'2018-03-20 10:07:21',	'2018-03-22 19:21:14'),
(109,	'DL-0109',	'2018-03-16 11:55:53',	'2018-08-09 20:05:21',	'2018-12-14 16:13:44',	'2018-03-22 19:21:14'),
(110,	'DL-0110',	'2018-04-05 14:30:41',	'2018-04-08 23:54:09',	'2018-01-31 06:49:34',	'2018-03-22 19:21:14'),
(111,	'DL-0111',	'2018-03-06 03:09:52',	'2018-02-03 16:16:06',	'2018-10-12 23:32:29',	'2018-03-22 19:21:14'),
(112,	'DL-0112',	'2018-11-04 03:32:41',	'2018-06-06 22:35:17',	'2018-08-13 11:51:38',	'2018-03-22 19:21:14'),
(113,	'DL-0113',	'2018-08-15 15:27:03',	'2018-01-12 10:47:36',	'2018-04-21 03:47:13',	'2018-03-22 19:21:14'),
(114,	'DL-0114',	'2018-12-01 09:13:00',	'2018-07-09 05:36:44',	'2018-03-15 02:58:19',	'2018-03-22 19:21:14'),
(115,	'DL-0115',	'2018-10-04 21:31:52',	'2018-01-19 18:20:49',	'2018-03-29 09:32:08',	'2018-03-22 19:21:14'),
(116,	'DL-0116',	'2018-12-30 14:15:39',	'2018-12-18 20:18:56',	'2018-04-13 15:40:14',	'2018-03-22 19:21:14'),
(117,	'DL-0117',	'2018-08-06 15:12:06',	'2018-01-30 05:35:09',	'2018-02-06 17:09:38',	'2018-03-22 19:21:14'),
(118,	'DL-0118',	'2018-12-08 05:01:26',	'2018-09-29 01:39:53',	'2018-08-06 10:16:41',	'2018-03-22 19:21:14'),
(119,	'DL-0119',	'2018-09-29 00:42:35',	'2018-05-09 21:17:49',	'2018-09-28 09:44:24',	'2018-03-22 19:21:14'),
(120,	'DL-0120',	'2018-07-17 07:17:25',	'2018-05-02 14:19:09',	'2018-07-09 08:39:45',	'2018-03-22 19:21:14'),
(121,	'DL-0121',	'2018-01-11 00:38:39',	'2018-08-04 15:35:34',	'2018-12-18 00:47:14',	'2018-03-22 19:21:15'),
(122,	'DL-0122',	'2018-01-06 23:26:08',	'2018-06-18 15:51:07',	'2018-10-04 14:44:52',	'2018-03-22 19:21:15'),
(123,	'DL-0123',	'2018-04-09 19:58:26',	'2018-01-09 01:55:29',	'2018-08-17 15:16:38',	'2018-03-22 19:21:15'),
(124,	'DL-0124',	'2018-11-21 16:21:04',	'2018-06-25 20:37:51',	'2018-01-16 12:46:28',	'2018-03-22 19:21:15'),
(125,	'DL-0125',	'2018-02-24 05:51:38',	'2018-11-19 15:09:32',	'2018-10-11 21:57:01',	'2018-03-22 19:21:15'),
(126,	'DL-0126',	'2018-12-14 01:40:33',	'2018-06-08 20:44:26',	'2018-12-26 21:45:06',	'2018-03-22 19:21:15'),
(127,	'DL-0127',	'2018-06-11 18:32:33',	'2018-12-16 18:52:59',	'2018-05-25 17:25:33',	'2018-03-22 19:21:15'),
(128,	'DL-0128',	'2018-01-07 18:56:37',	'2018-10-02 20:32:35',	'2018-04-18 17:06:17',	'2018-03-22 19:21:15'),
(129,	'DL-0129',	'2018-03-03 03:06:11',	'2018-09-23 02:14:51',	'2018-02-02 03:00:52',	'2018-03-22 19:21:15'),
(130,	'DL-0130',	'2018-08-25 03:07:29',	'2018-01-28 10:42:30',	'2018-08-12 12:14:25',	'2018-03-22 19:21:15'),
(131,	'DL-0131',	'2018-08-07 07:21:18',	'2018-05-26 22:07:34',	'2018-06-06 06:41:21',	'2018-03-22 19:21:15'),
(132,	'DL-0132',	'2018-11-26 01:22:35',	'2018-05-27 02:41:07',	'2018-09-29 14:48:45',	'2018-03-22 19:21:15'),
(133,	'DL-0133',	'2018-05-29 02:44:11',	'2018-07-29 06:37:48',	'2018-08-18 14:51:09',	'2018-03-22 19:21:15'),
(134,	'DL-0134',	'2018-03-07 18:03:39',	'2018-11-23 09:47:08',	'2018-04-30 07:48:29',	'2018-03-22 19:21:15'),
(135,	'DL-0135',	'2018-06-22 19:46:50',	'2018-06-11 07:57:39',	'2018-01-29 17:46:47',	'2018-03-22 19:21:15'),
(136,	'DL-0136',	'2018-10-16 11:22:53',	'2018-01-17 00:44:44',	'2018-05-11 12:04:15',	'2018-03-22 19:21:15'),
(137,	'DL-0137',	'2018-10-20 04:29:28',	'2018-05-24 09:36:16',	'2018-11-03 05:07:49',	'2018-03-22 19:21:15'),
(138,	'DL-0138',	'2018-02-08 21:35:16',	'2018-01-29 23:35:35',	'2018-06-04 19:39:42',	'2018-03-22 19:21:15'),
(139,	'DL-0139',	'2018-07-03 03:36:59',	'2018-07-28 18:13:31',	'2018-12-14 16:01:49',	'2018-03-22 19:21:15'),
(140,	'DL-0140',	'2018-07-12 12:30:02',	'2018-10-05 23:31:37',	'2018-07-01 18:24:20',	'2018-03-22 19:21:16'),
(141,	'DL-0141',	'2018-09-07 08:01:24',	'2018-08-07 07:19:31',	'2018-07-31 05:38:00',	'2018-03-22 19:21:16'),
(142,	'DL-0142',	'2018-07-05 12:16:11',	'2018-07-09 00:58:36',	'2018-06-05 15:02:05',	'2018-03-22 19:21:16'),
(143,	'DL-0143',	'2018-10-21 16:56:20',	'2018-10-23 01:42:18',	'2018-01-19 04:13:28',	'2018-03-22 19:21:16'),
(144,	'DL-0144',	'2018-07-06 17:34:37',	'2018-11-26 01:56:32',	'2018-02-11 19:20:48',	'2018-03-22 19:21:16'),
(145,	'DL-0145',	'2018-10-29 22:36:12',	'2018-04-26 14:15:18',	'2018-07-20 20:48:28',	'2018-03-22 19:21:16'),
(146,	'DL-0146',	'2018-07-08 07:53:07',	'2018-11-11 01:54:27',	'2018-04-04 10:05:20',	'2018-03-22 19:21:16'),
(147,	'DL-0147',	'2018-11-05 02:38:02',	'2018-02-01 12:58:33',	'2018-04-02 02:04:36',	'2018-03-22 19:21:16'),
(148,	'DL-0148',	'2018-11-22 11:19:56',	'2018-10-04 12:02:30',	'2018-11-26 19:29:45',	'2018-03-22 19:21:16'),
(149,	'DL-0149',	'2018-10-26 16:04:13',	'2018-01-18 04:15:47',	'2018-10-31 00:51:15',	'2018-03-22 19:21:16'),
(150,	'DL-0150',	'2018-07-19 10:07:50',	'2018-04-30 15:43:25',	'2018-10-20 22:20:55',	'2018-03-22 19:21:16'),
(151,	'DL-0151',	'2018-08-14 18:58:13',	'2018-01-24 12:08:58',	'2018-07-31 09:10:10',	'2018-03-22 19:21:16'),
(152,	'DL-0152',	'2018-11-23 08:42:12',	'2018-02-15 23:49:11',	'2018-06-19 21:30:49',	'2018-03-22 19:21:16'),
(153,	'DL-0153',	'2018-02-01 04:32:24',	'2018-12-24 23:47:38',	'2018-10-08 00:30:12',	'2018-03-22 19:21:16'),
(154,	'DL-0154',	'2018-09-23 06:57:58',	'2018-06-07 16:51:10',	'2018-08-01 01:41:53',	'2018-03-22 19:21:16'),
(155,	'DL-0155',	'2018-06-21 18:16:20',	'2018-11-16 18:44:33',	'2018-07-13 05:13:34',	'2018-03-22 19:21:16'),
(156,	'DL-0156',	'2018-04-12 19:47:50',	'2018-04-20 10:52:21',	'2018-09-24 14:28:07',	'2018-03-22 19:21:16'),
(157,	'DL-0157',	'2018-04-19 03:51:31',	'2018-09-15 11:36:00',	'2018-03-06 16:50:19',	'2018-03-22 19:21:16'),
(158,	'DL-0158',	'2018-05-05 02:11:32',	'2018-08-29 16:12:18',	'2018-07-29 11:17:59',	'2018-03-22 19:21:16'),
(159,	'DL-0159',	'2018-04-02 13:12:30',	'2018-04-03 02:22:56',	'2018-05-15 11:56:32',	'2018-03-22 19:21:17'),
(160,	'DL-0160',	'2018-12-07 13:28:01',	'2018-07-28 23:06:27',	'2018-08-19 03:16:18',	'2018-03-22 19:21:17'),
(161,	'DL-0161',	'2018-05-13 17:15:08',	'2018-04-28 11:12:45',	'2018-07-31 16:26:22',	'2018-03-22 19:21:17'),
(162,	'DL-0162',	'2018-08-18 20:59:04',	'2018-05-26 05:57:27',	'2018-03-13 12:54:04',	'2018-03-22 19:21:17'),
(163,	'DL-0163',	'2018-08-20 11:00:03',	'2018-01-27 02:13:19',	'2018-03-17 11:37:47',	'2018-03-22 19:21:17'),
(164,	'DL-0164',	'2018-07-21 17:54:27',	'2018-09-10 02:28:45',	'2018-10-28 20:38:01',	'2018-03-22 19:21:17'),
(165,	'DL-0165',	'2018-03-08 14:41:24',	'2018-02-25 08:01:17',	'2018-03-26 21:38:22',	'2018-03-22 19:21:17'),
(166,	'DL-0166',	'2018-09-16 12:20:37',	'2018-06-29 23:03:30',	'2018-02-20 02:31:00',	'2018-03-22 19:21:17'),
(167,	'DL-0167',	'2018-07-09 23:53:30',	'2018-04-25 21:59:34',	'2018-09-18 12:00:10',	'2018-03-22 19:21:17'),
(168,	'DL-0168',	'2018-10-19 22:39:19',	'2018-07-30 14:08:11',	'2018-05-17 09:20:50',	'2018-03-22 19:21:17'),
(169,	'DL-0169',	'2018-02-06 18:49:27',	'2018-05-21 08:09:09',	'2018-06-01 20:30:27',	'2018-03-22 19:21:17'),
(170,	'DL-0170',	'2018-08-01 08:34:10',	'2018-10-14 15:36:00',	'2018-05-16 15:54:11',	'2018-03-22 19:21:17'),
(171,	'DL-0171',	'2018-09-28 18:59:54',	'2018-01-11 17:17:07',	'2018-01-04 13:04:44',	'2018-03-22 19:21:17'),
(172,	'DL-0172',	'2018-12-27 00:00:25',	'2018-12-10 19:27:40',	'2018-12-30 06:29:43',	'2018-03-22 19:21:17'),
(173,	'DL-0173',	'2018-04-25 14:26:56',	'2018-01-11 03:29:19',	'2018-06-25 02:45:54',	'2018-03-22 19:21:17'),
(174,	'DL-0174',	'2018-11-15 20:07:12',	'2018-06-18 07:18:28',	'2018-12-15 07:04:57',	'2018-03-22 19:21:17'),
(175,	'DL-0175',	'2018-02-19 10:18:19',	'2018-01-10 00:12:31',	'2018-02-07 07:52:34',	'2018-03-22 19:21:17'),
(176,	'DL-0176',	'2018-05-06 15:30:28',	'2018-07-03 18:39:14',	'2018-05-05 06:48:24',	'2018-03-22 19:21:17'),
(177,	'DL-0177',	'2018-03-21 17:28:43',	'2018-08-18 03:35:02',	'2018-06-01 20:14:34',	'2018-03-22 19:21:17'),
(178,	'DL-0178',	'2018-01-25 08:54:39',	'2018-04-13 12:14:30',	'2018-12-01 11:24:06',	'2018-03-22 19:21:18'),
(179,	'DL-0179',	'2018-02-04 19:35:32',	'2018-12-26 14:22:51',	'2018-10-19 06:39:10',	'2018-03-22 19:21:18'),
(180,	'DL-0180',	'2018-12-02 08:33:34',	'2018-10-07 07:10:37',	'2018-01-02 22:49:27',	'2018-03-22 19:21:18'),
(181,	'DL-0181',	'2018-01-15 11:29:30',	'2018-04-12 02:34:21',	'2018-04-20 21:27:42',	'2018-03-22 19:21:18'),
(182,	'DL-0182',	'2018-11-18 19:29:25',	'2018-02-19 01:23:42',	'2018-01-19 00:32:54',	'2018-03-22 19:21:18'),
(183,	'DL-0183',	'2018-03-10 21:43:48',	'2018-04-13 15:40:16',	'2018-04-26 19:58:43',	'2018-03-22 19:21:18'),
(184,	'DL-0184',	'2018-05-09 05:08:24',	'2018-04-30 16:26:05',	'2018-02-10 08:43:09',	'2018-03-22 19:21:18'),
(185,	'DL-0185',	'2018-02-08 10:13:23',	'2018-05-04 10:55:19',	'2018-03-28 16:58:41',	'2018-03-22 19:21:18'),
(186,	'DL-0186',	'2018-01-21 02:26:03',	'2018-03-29 23:48:08',	'2018-11-21 15:39:26',	'2018-03-22 19:21:18'),
(187,	'DL-0187',	'2018-10-22 22:30:18',	'2018-06-14 19:38:12',	'2018-08-09 06:29:36',	'2018-03-22 19:21:18'),
(188,	'DL-0188',	'2018-12-04 12:13:36',	'2018-03-24 20:58:51',	'2018-05-10 10:19:08',	'2018-03-22 19:21:18'),
(189,	'DL-0189',	'2018-01-11 12:43:40',	'2018-01-03 06:32:53',	'2018-05-13 08:29:48',	'2018-03-22 19:21:18'),
(190,	'DL-0190',	'2018-05-10 21:55:27',	'2018-11-12 09:40:11',	'2018-08-18 02:35:13',	'2018-03-22 19:21:18'),
(191,	'DL-0191',	'2018-09-13 12:38:00',	'2018-04-07 05:36:29',	'2018-03-04 00:19:10',	'2018-03-22 19:21:18'),
(192,	'DL-0192',	'2018-06-26 19:51:39',	'2018-05-04 15:18:59',	'2018-02-01 16:16:11',	'2018-03-22 19:21:18'),
(193,	'DL-0193',	'2018-07-23 10:41:48',	'2018-06-21 04:01:49',	'2018-12-19 15:51:53',	'2018-03-22 19:21:18'),
(194,	'DL-0194',	'2018-01-29 03:53:41',	'2018-09-18 08:52:57',	'2018-03-19 20:38:21',	'2018-03-22 19:21:18'),
(195,	'DL-0195',	'2018-01-17 01:19:37',	'2018-09-14 15:11:30',	'2018-04-18 19:17:15',	'2018-03-22 19:21:19'),
(196,	'DL-0196',	'2018-11-25 20:49:11',	'2018-02-04 02:33:39',	'2018-09-22 23:15:15',	'2018-03-22 19:21:19'),
(197,	'DL-0197',	'2018-01-31 10:53:54',	'2018-11-09 09:42:59',	'2018-03-14 09:50:20',	'2018-03-22 19:21:19'),
(198,	'DL-0198',	'2018-04-29 21:18:24',	'2018-08-24 01:49:50',	'2018-10-06 20:10:46',	'2018-03-22 19:21:19'),
(199,	'DL-0199',	'2018-11-19 13:58:24',	'2018-06-07 16:01:40',	'2018-01-26 15:38:54',	'2018-03-22 19:21:19'),
(200,	'DL-0200',	'2018-01-13 01:04:33',	'2018-01-27 16:21:26',	'2018-06-08 14:52:01',	'2018-03-22 19:21:19'),
(201,	'DL-0201',	'2018-06-17 22:45:16',	'2018-07-23 13:40:35',	'2018-05-01 02:51:42',	'2018-03-22 19:21:19'),
(202,	'DL-0202',	'2018-12-14 18:02:55',	'2018-03-16 06:55:12',	'2018-11-27 21:25:36',	'2018-03-22 19:21:19'),
(203,	'DL-0203',	'2018-04-13 20:40:40',	'2018-10-21 15:00:19',	'2018-08-15 10:23:46',	'2018-03-22 19:21:19'),
(204,	'DL-0204',	'2018-05-12 16:15:39',	'2018-05-24 17:50:21',	'2018-12-18 08:47:30',	'2018-03-22 19:21:19'),
(205,	'DL-0205',	'2018-10-17 14:38:21',	'2018-04-27 00:28:00',	'2018-04-15 10:26:59',	'2018-03-22 19:21:19'),
(206,	'DL-0206',	'2018-08-28 20:15:53',	'2018-10-14 23:13:17',	'2018-09-15 04:01:01',	'2018-03-22 19:21:19'),
(207,	'DL-0207',	'2018-10-15 23:05:16',	'2018-09-10 00:44:50',	'2018-02-18 10:54:00',	'2018-03-22 19:21:19'),
(208,	'DL-0208',	'2018-02-14 21:01:18',	'2018-08-23 09:13:34',	'2018-01-13 07:54:35',	'2018-03-22 19:21:19'),
(209,	'DL-0209',	'2018-04-09 07:02:14',	'2018-07-08 14:17:59',	'2018-02-21 16:22:48',	'2018-03-22 19:21:20'),
(210,	'DL-0210',	'2018-06-28 05:35:34',	'2018-03-29 21:00:03',	'2018-02-02 00:12:54',	'2018-03-22 19:21:20'),
(211,	'DL-0211',	'2018-07-23 08:48:32',	'2018-12-11 15:12:45',	'2018-04-27 06:22:50',	'2018-03-22 19:21:20'),
(212,	'DL-0212',	'2018-11-24 16:07:04',	'2018-06-02 04:50:05',	'2018-08-16 12:36:46',	'2018-03-22 19:21:20'),
(213,	'DL-0213',	'2018-01-16 19:02:48',	'2018-08-21 07:37:48',	'2018-10-29 09:42:42',	'2018-03-22 19:21:20'),
(214,	'DL-0214',	'2018-01-16 17:49:06',	'2018-10-28 06:48:53',	'2018-10-19 04:54:37',	'2018-03-22 19:21:20'),
(215,	'DL-0215',	'2018-03-20 16:35:00',	'2018-01-25 06:40:39',	'2018-08-28 01:37:35',	'2018-03-22 19:21:20'),
(216,	'DL-0216',	'2018-12-26 05:00:48',	'2018-07-18 21:22:34',	'2018-01-28 06:57:33',	'2018-03-22 19:21:20'),
(217,	'DL-0217',	'2018-12-03 04:44:44',	'2018-10-23 12:07:19',	'2018-07-04 22:06:01',	'2018-03-22 19:21:20'),
(218,	'DL-0218',	'2018-05-31 20:17:13',	'2018-06-23 15:24:22',	'2018-02-23 23:33:27',	'2018-03-22 19:21:20'),
(219,	'DL-0219',	'2018-10-12 03:59:30',	'2018-02-27 15:03:58',	'2018-12-30 21:51:36',	'2018-03-22 19:21:20'),
(220,	'DL-0220',	'2018-02-06 21:58:44',	'2018-10-19 14:09:48',	'2018-12-07 07:54:00',	'2018-03-22 19:21:20'),
(221,	'DL-0221',	'2018-11-13 13:58:01',	'2018-05-31 01:59:04',	'2018-05-12 10:21:36',	'2018-03-22 19:21:20'),
(222,	'DL-0222',	'2018-07-04 06:48:43',	'2018-09-28 15:40:11',	'2018-08-22 09:19:10',	'2018-03-22 19:21:20'),
(223,	'DL-0223',	'2018-12-12 04:13:57',	'2018-03-09 11:27:20',	'2018-08-09 15:59:58',	'2018-03-22 19:21:20'),
(224,	'DL-0224',	'2018-05-29 00:38:25',	'2018-01-21 16:17:21',	'2018-05-25 10:08:49',	'2018-03-22 19:21:20'),
(225,	'DL-0225',	'2018-06-12 18:22:57',	'2018-10-25 06:34:03',	'2018-06-12 15:09:42',	'2018-03-22 19:21:20'),
(226,	'DL-0226',	'2018-03-18 15:23:57',	'2018-05-03 23:58:35',	'2018-08-13 14:16:32',	'2018-03-22 19:21:20'),
(227,	'DL-0227',	'2018-03-15 19:21:38',	'2018-02-05 04:35:57',	'2018-07-17 20:53:05',	'2018-03-22 19:21:20'),
(228,	'DL-0228',	'2018-11-08 20:07:53',	'2018-05-01 16:39:37',	'2018-01-18 07:21:30',	'2018-03-22 19:21:20'),
(229,	'DL-0229',	'2018-05-28 09:02:13',	'2018-11-29 05:31:17',	'2018-11-20 01:43:39',	'2018-03-22 19:21:21'),
(230,	'DL-0230',	'2018-06-25 22:43:09',	'2018-10-26 10:48:14',	'2018-03-03 22:39:09',	'2018-03-22 19:21:21'),
(231,	'DL-0231',	'2018-11-09 15:13:29',	'2018-12-30 05:37:51',	'2018-05-25 00:30:29',	'2018-03-22 19:21:21'),
(232,	'DL-0232',	'2018-04-18 06:27:17',	'2018-10-16 03:27:23',	'2018-06-04 12:22:10',	'2018-03-22 19:21:21'),
(233,	'DL-0233',	'2018-12-03 15:25:30',	'2018-02-15 23:42:49',	'2018-07-18 14:55:58',	'2018-03-22 19:21:21'),
(234,	'DL-0234',	'2018-11-16 13:17:54',	'2018-10-30 18:15:41',	'2018-02-08 23:17:43',	'2018-03-22 19:21:21'),
(235,	'DL-0235',	'2018-10-22 18:53:31',	'2018-06-04 10:29:09',	'2018-03-25 04:29:58',	'2018-03-22 19:21:21'),
(236,	'DL-0236',	'2018-08-16 20:36:56',	'2018-01-12 00:31:19',	'2018-04-28 05:26:45',	'2018-03-22 19:21:21'),
(237,	'DL-0237',	'2018-07-24 07:13:49',	'2018-01-10 03:04:38',	'2018-03-05 05:16:13',	'2018-03-22 19:21:21'),
(238,	'DL-0238',	'2018-09-08 21:49:46',	'2018-12-30 06:01:37',	'2018-01-28 23:53:14',	'2018-03-22 19:21:21'),
(239,	'DL-0239',	'2018-07-02 05:50:00',	'2018-11-25 14:31:03',	'2018-01-30 06:12:31',	'2018-03-22 19:21:21'),
(240,	'DL-0240',	'2018-01-05 20:22:41',	'2018-01-01 08:39:38',	'2018-08-16 15:00:39',	'2018-03-22 19:21:21'),
(241,	'DL-0241',	'2018-10-08 16:53:03',	'2018-04-05 18:01:26',	'2018-08-04 19:56:50',	'2018-03-22 19:21:21'),
(242,	'DL-0242',	'2018-04-02 03:15:18',	'2018-10-05 17:49:08',	'2018-06-04 15:16:12',	'2018-03-22 19:21:21'),
(243,	'DL-0243',	'2018-12-09 08:09:41',	'2018-05-02 08:02:42',	'2018-12-12 07:32:23',	'2018-03-22 19:21:21'),
(244,	'DL-0244',	'2018-11-02 02:40:56',	'2018-07-22 22:21:43',	'2018-07-30 09:03:41',	'2018-03-22 19:21:21'),
(245,	'DL-0245',	'2018-10-03 02:53:02',	'2018-11-24 01:03:03',	'2018-05-09 05:24:55',	'2018-03-22 19:21:21'),
(246,	'DL-0246',	'2018-01-14 00:16:07',	'2018-07-23 23:44:37',	'2018-01-28 08:30:45',	'2018-03-22 19:21:21'),
(247,	'DL-0247',	'2018-07-28 20:04:39',	'2018-10-10 12:04:20',	'2018-02-09 05:41:18',	'2018-03-22 19:21:21'),
(248,	'DL-0248',	'2018-11-22 01:16:21',	'2018-12-27 13:53:45',	'2018-05-26 20:05:17',	'2018-03-22 19:21:21'),
(249,	'DL-0249',	'2018-03-17 14:15:13',	'2018-03-08 07:09:56',	'2018-08-10 11:06:07',	'2018-03-22 19:21:22'),
(250,	'DL-0250',	'2018-06-23 02:56:02',	'2018-02-06 08:38:23',	'2018-05-08 05:59:57',	'2018-03-22 19:21:22'),
(251,	'DL-0251',	'2018-02-21 20:38:32',	'2018-03-16 14:45:34',	'2018-05-02 04:26:29',	'2018-03-22 19:21:22'),
(252,	'DL-0252',	'2018-09-07 07:52:31',	'2018-05-27 14:22:57',	'2018-12-13 20:51:32',	'2018-03-22 19:21:22'),
(253,	'DL-0253',	'2018-10-28 01:55:19',	'2018-11-25 16:20:12',	'2018-09-11 08:48:49',	'2018-03-22 19:21:22'),
(254,	'DL-0254',	'2018-08-17 06:09:37',	'2018-04-02 14:51:49',	'2018-12-06 14:42:35',	'2018-03-22 19:21:22'),
(255,	'DL-0255',	'2018-06-08 21:57:04',	'2018-08-13 23:05:23',	'2018-09-03 11:59:31',	'2018-03-22 19:21:22'),
(256,	'DL-0256',	'2018-11-17 10:14:01',	'2018-05-07 04:50:52',	'2018-09-29 01:01:54',	'2018-03-22 19:21:22'),
(257,	'DL-0257',	'2018-02-08 17:59:43',	'2018-04-19 13:04:16',	'2018-08-31 03:10:25',	'2018-03-22 19:21:22'),
(258,	'DL-0258',	'2018-09-15 13:26:56',	'2018-08-24 11:59:50',	'2018-11-13 08:17:05',	'2018-03-22 19:21:22'),
(259,	'DL-0259',	'2018-11-12 06:20:53',	'2018-11-01 22:12:26',	'2018-12-20 00:51:31',	'2018-03-22 19:21:22'),
(260,	'DL-0260',	'2018-12-03 11:06:40',	'2018-07-05 08:53:15',	'2018-02-24 13:52:49',	'2018-03-22 19:21:22'),
(261,	'DL-0261',	'2018-05-05 21:45:20',	'2018-06-09 02:33:53',	'2018-08-18 01:40:05',	'2018-03-22 19:21:22'),
(262,	'DL-0262',	'2018-03-14 10:34:17',	'2018-08-14 08:58:48',	'2018-01-28 05:44:32',	'2018-03-22 19:21:22'),
(263,	'DL-0263',	'2018-05-06 09:52:15',	'2018-01-22 05:04:04',	'2018-06-27 06:21:08',	'2018-03-22 19:21:22'),
(264,	'DL-0264',	'2018-06-07 23:18:42',	'2018-12-08 15:52:27',	'2018-02-24 10:32:14',	'2018-03-22 19:21:22'),
(265,	'DL-0265',	'2018-04-16 01:42:01',	'2018-12-26 06:58:17',	'2018-07-23 10:10:21',	'2018-03-22 19:21:23'),
(266,	'DL-0266',	'2018-02-08 03:25:15',	'2018-09-08 21:16:08',	'2018-11-04 08:56:09',	'2018-03-22 19:21:23'),
(267,	'DL-0267',	'2018-11-21 16:08:55',	'2018-03-06 05:16:21',	'2018-12-20 11:00:44',	'2018-03-22 19:21:23'),
(268,	'DL-0268',	'2018-08-08 05:42:23',	'2018-11-20 13:42:30',	'2018-08-07 02:20:15',	'2018-03-22 19:21:23'),
(269,	'DL-0269',	'2018-05-29 07:05:06',	'2018-08-27 17:52:06',	'2018-11-25 07:57:02',	'2018-03-22 19:21:23'),
(270,	'DL-0270',	'2018-05-27 00:50:49',	'2018-02-12 01:44:13',	'2018-09-28 04:56:55',	'2018-03-22 19:21:23'),
(271,	'DL-0271',	'2018-09-17 12:27:18',	'2018-10-29 02:15:39',	'2018-11-26 02:59:53',	'2018-03-22 19:21:23'),
(272,	'DL-0272',	'2018-09-01 06:49:48',	'2018-09-09 18:49:55',	'2018-10-04 12:46:39',	'2018-03-22 19:21:23'),
(273,	'DL-0273',	'2018-01-17 12:09:15',	'2018-02-12 19:40:54',	'2018-04-14 00:55:28',	'2018-03-22 19:21:23'),
(274,	'DL-0274',	'2018-10-25 20:44:32',	'2018-02-18 18:42:21',	'2018-04-25 00:09:54',	'2018-03-22 19:21:23'),
(275,	'DL-0275',	'2018-01-06 10:12:51',	'2018-03-21 20:11:14',	'2018-05-26 02:29:05',	'2018-03-22 19:21:23'),
(276,	'DL-0276',	'2018-07-19 10:04:14',	'2018-04-13 09:35:14',	'2018-12-02 05:11:00',	'2018-03-22 19:21:23'),
(277,	'DL-0277',	'2018-06-24 03:49:44',	'2018-09-05 03:59:52',	'2018-05-12 02:45:14',	'2018-03-22 19:21:23'),
(278,	'DL-0278',	'2018-07-31 05:33:04',	'2018-09-30 05:45:16',	'2018-02-21 00:16:15',	'2018-03-22 19:21:23'),
(279,	'DL-0279',	'2018-06-16 07:03:11',	'2018-01-28 01:34:12',	'2018-06-12 23:26:45',	'2018-03-22 19:21:23'),
(280,	'DL-0280',	'2018-11-27 05:49:52',	'2018-11-17 21:02:38',	'2018-10-04 05:06:15',	'2018-03-22 19:21:23'),
(281,	'DL-0281',	'2018-01-16 20:27:01',	'2018-11-29 06:44:02',	'2018-03-16 03:54:48',	'2018-03-22 19:21:23'),
(282,	'DL-0282',	'2018-08-05 13:31:22',	'2018-05-11 18:39:00',	'2018-01-20 10:17:40',	'2018-03-22 19:21:23'),
(283,	'DL-0283',	'2018-08-27 17:36:30',	'2018-06-15 10:15:33',	'2018-01-13 14:30:06',	'2018-03-22 19:21:24'),
(284,	'DL-0284',	'2018-06-16 10:00:53',	'2018-03-20 23:11:27',	'2018-05-14 20:55:33',	'2018-03-22 19:21:24'),
(285,	'DL-0285',	'2018-02-24 05:28:58',	'2018-01-31 04:16:27',	'2018-07-16 18:38:05',	'2018-03-22 19:21:24'),
(286,	'DL-0286',	'2018-10-14 09:59:58',	'2018-09-21 15:49:24',	'2018-03-12 09:45:09',	'2018-03-22 19:21:24'),
(287,	'DL-0287',	'2018-05-02 18:17:29',	'2018-05-31 19:30:49',	'2018-05-12 02:05:03',	'2018-03-22 19:21:24'),
(288,	'DL-0288',	'2018-11-22 23:47:27',	'2018-06-01 02:43:02',	'2018-06-05 11:26:04',	'2018-03-22 19:21:24'),
(289,	'DL-0289',	'2018-01-07 01:32:02',	'2018-10-14 13:54:02',	'2018-09-09 18:35:20',	'2018-03-22 19:21:24'),
(290,	'DL-0290',	'2018-01-23 12:58:43',	'2018-01-21 04:02:17',	'2018-08-14 23:30:07',	'2018-03-22 19:21:24'),
(291,	'DL-0291',	'2018-01-19 22:05:05',	'2018-01-18 03:56:35',	'2018-02-27 12:01:41',	'2018-03-22 19:21:24'),
(292,	'DL-0292',	'2018-07-18 07:06:20',	'2018-07-12 12:53:58',	'2018-12-24 20:33:00',	'2018-03-22 19:21:24'),
(293,	'DL-0293',	'2018-03-16 23:34:14',	'2018-01-09 04:25:11',	'2018-07-04 17:41:45',	'2018-03-22 19:21:24'),
(294,	'DL-0294',	'2018-02-23 20:22:18',	'2018-04-30 13:12:47',	'2018-09-17 08:58:44',	'2018-03-22 19:21:24'),
(295,	'DL-0295',	'2018-12-03 18:18:18',	'2018-05-13 16:33:39',	'2018-08-04 08:13:22',	'2018-03-22 19:21:24'),
(296,	'DL-0296',	'2018-07-05 12:55:46',	'2018-12-30 20:05:06',	'2018-01-25 10:58:59',	'2018-03-22 19:21:24'),
(297,	'DL-0297',	'2018-01-14 06:41:43',	'2018-01-11 02:08:33',	'2018-10-20 01:20:04',	'2018-03-22 19:21:24'),
(298,	'DL-0298',	'2018-04-28 08:50:28',	'2018-10-11 14:34:16',	'2018-10-28 23:33:09',	'2018-03-22 19:21:24'),
(299,	'DL-0299',	'2018-04-24 12:23:19',	'2018-10-02 15:21:00',	'2018-07-02 14:59:27',	'2018-03-22 19:21:24'),
(300,	'DL-0300',	'2018-11-14 09:34:22',	'2018-03-22 12:29:55',	'2018-05-02 07:55:31',	'2018-03-22 19:21:24'),
(301,	'DL-0301',	'2018-04-20 00:23:27',	'2018-01-29 12:55:35',	'2018-10-18 05:53:22',	'2018-03-22 19:21:25'),
(302,	'DL-0302',	'2018-07-14 04:42:24',	'2018-04-04 02:44:27',	'2018-02-21 13:48:20',	'2018-03-22 19:21:25'),
(303,	'DL-0303',	'2018-04-01 03:32:03',	'2018-01-08 04:11:01',	'2018-12-25 18:19:47',	'2018-03-22 19:21:25'),
(304,	'DL-0304',	'2018-10-25 06:39:54',	'2018-03-07 06:40:37',	'2018-08-15 10:47:00',	'2018-03-22 19:21:25'),
(305,	'DL-0305',	'2018-09-22 18:27:40',	'2018-02-01 04:12:02',	'2018-06-02 17:50:29',	'2018-03-22 19:21:25'),
(306,	'DL-0306',	'2018-10-29 05:54:34',	'2018-11-14 02:27:39',	'2018-07-11 10:05:02',	'2018-03-22 19:21:25'),
(307,	'DL-0307',	'2018-07-01 19:11:23',	'2018-04-27 08:05:49',	'2018-07-30 00:55:15',	'2018-03-22 19:21:25'),
(308,	'DL-0308',	'2018-03-26 00:56:34',	'2018-07-03 00:17:05',	'2018-01-25 19:31:21',	'2018-03-22 19:21:25'),
(309,	'DL-0309',	'2018-04-30 21:58:17',	'2018-05-13 17:16:47',	'2018-11-04 01:31:01',	'2018-03-22 19:21:25'),
(310,	'DL-0310',	'2018-12-01 03:49:25',	'2018-11-02 20:31:22',	'2018-10-18 20:46:22',	'2018-03-22 19:21:25'),
(311,	'DL-0311',	'2018-07-22 07:34:44',	'2018-07-31 07:14:14',	'2018-05-07 13:36:37',	'2018-03-22 19:21:25'),
(312,	'DL-0312',	'2018-04-15 22:48:59',	'2018-11-27 15:34:56',	'2018-07-26 14:24:39',	'2018-03-22 19:21:25'),
(313,	'DL-0313',	'2018-05-08 11:15:28',	'2018-10-22 10:38:49',	'2018-12-03 20:48:06',	'2018-03-22 19:21:25'),
(314,	'DL-0314',	'2018-10-27 19:04:50',	'2018-11-05 09:00:17',	'2018-07-06 09:57:18',	'2018-03-22 19:21:25'),
(315,	'DL-0315',	'2018-12-27 23:42:30',	'2018-01-19 20:49:46',	'2018-08-29 01:16:20',	'2018-03-22 19:21:25'),
(316,	'DL-0316',	'2018-02-17 22:12:52',	'2018-02-15 18:07:47',	'2018-05-13 13:05:54',	'2018-03-22 19:21:25'),
(317,	'DL-0317',	'2018-12-06 19:12:54',	'2018-06-05 13:02:45',	'2018-08-08 17:19:52',	'2018-03-22 19:21:25'),
(318,	'DL-0318',	'2018-12-19 18:53:56',	'2018-10-20 18:50:36',	'2018-06-17 03:14:50',	'2018-03-22 19:21:25'),
(319,	'DL-0319',	'2018-04-06 13:03:15',	'2018-02-11 07:14:15',	'2018-08-08 04:33:03',	'2018-03-22 19:21:25'),
(320,	'DL-0320',	'2018-06-21 04:16:46',	'2018-07-25 19:00:29',	'2018-01-24 06:35:22',	'2018-03-22 19:21:25'),
(321,	'DL-0321',	'2018-04-06 02:24:28',	'2018-02-12 22:16:30',	'2018-06-06 15:19:38',	'2018-03-22 19:21:25'),
(322,	'DL-0322',	'2018-10-19 18:33:12',	'2018-04-15 04:55:46',	'2018-08-11 12:07:42',	'2018-03-22 19:21:25'),
(323,	'DL-0323',	'2018-04-03 07:21:27',	'2018-04-24 20:02:13',	'2018-05-12 09:32:14',	'2018-03-22 19:21:26'),
(324,	'DL-0324',	'2018-10-18 02:10:18',	'2018-09-08 10:53:00',	'2018-10-30 22:36:02',	'2018-03-22 19:21:26'),
(325,	'DL-0325',	'2018-02-22 20:27:28',	'2018-01-01 18:43:17',	'2018-02-16 14:36:26',	'2018-03-22 19:21:26'),
(326,	'DL-0326',	'2018-08-30 09:08:42',	'2018-08-06 06:58:02',	'2018-04-08 22:35:17',	'2018-03-22 19:21:26'),
(327,	'DL-0327',	'2018-04-20 04:06:37',	'2018-03-07 07:30:29',	'2018-11-20 03:39:59',	'2018-03-22 19:21:26'),
(328,	'DL-0328',	'2018-11-20 11:13:12',	'2018-02-11 08:20:36',	'2018-03-10 04:28:34',	'2018-03-22 19:21:26'),
(329,	'DL-0329',	'2018-02-24 13:54:14',	'2018-11-22 02:01:06',	'2018-03-05 22:11:58',	'2018-03-22 19:21:26'),
(330,	'DL-0330',	'2018-10-22 04:58:05',	'2018-06-26 22:57:44',	'2018-07-10 21:34:41',	'2018-03-22 19:21:26'),
(331,	'DL-0331',	'2018-02-20 05:04:07',	'2018-04-10 17:16:06',	'2018-10-26 17:08:23',	'2018-03-22 19:21:26'),
(332,	'DL-0332',	'2018-10-08 11:44:48',	'2018-01-02 05:36:35',	'2018-12-28 23:29:45',	'2018-03-22 19:21:26'),
(333,	'DL-0333',	'2018-11-23 11:34:30',	'2018-06-14 05:32:11',	'2018-03-08 11:49:24',	'2018-03-22 19:21:26'),
(334,	'DL-0334',	'2018-07-18 11:24:03',	'2018-08-30 06:59:11',	'2018-04-06 01:29:07',	'2018-03-22 19:21:26'),
(335,	'DL-0335',	'2018-12-04 03:00:44',	'2018-06-08 02:26:15',	'2018-02-12 12:03:32',	'2018-03-22 19:21:26'),
(336,	'DL-0336',	'2018-07-10 21:17:19',	'2018-12-07 06:29:23',	'2018-12-16 18:24:37',	'2018-03-22 19:21:26'),
(337,	'DL-0337',	'2018-03-23 16:41:43',	'2018-09-04 16:25:38',	'2018-11-09 10:48:21',	'2018-03-22 19:21:26'),
(338,	'DL-0338',	'2018-02-08 19:28:14',	'2018-01-25 18:21:11',	'2018-07-24 08:44:50',	'2018-03-22 19:21:26'),
(339,	'DL-0339',	'2018-03-11 16:14:18',	'2018-06-04 23:51:03',	'2018-01-09 22:50:51',	'2018-03-22 19:21:26'),
(340,	'DL-0340',	'2018-07-10 20:04:51',	'2018-02-23 20:18:12',	'2018-04-04 09:59:15',	'2018-03-22 19:21:26'),
(341,	'DL-0341',	'2018-11-27 15:50:40',	'2018-09-12 01:07:26',	'2018-06-01 09:50:58',	'2018-03-22 19:21:26'),
(342,	'DL-0342',	'2018-09-22 06:10:38',	'2018-11-16 19:39:18',	'2018-06-25 20:31:15',	'2018-03-22 19:21:26'),
(343,	'DL-0343',	'2018-02-22 02:37:54',	'2018-02-05 06:00:35',	'2018-12-14 20:24:04',	'2018-03-22 19:21:27'),
(344,	'DL-0344',	'2018-10-23 07:07:42',	'2018-02-18 05:18:52',	'2018-07-29 07:39:44',	'2018-03-22 19:21:27'),
(345,	'DL-0345',	'2018-11-09 15:40:10',	'2018-01-18 21:07:05',	'2018-03-09 22:38:42',	'2018-03-22 19:21:27'),
(346,	'DL-0346',	'2018-09-09 09:12:53',	'2018-04-02 18:15:35',	'2018-05-30 08:35:01',	'2018-03-22 19:21:27'),
(347,	'DL-0347',	'2018-05-07 03:18:22',	'2018-07-08 10:35:45',	'2018-02-26 10:01:58',	'2018-03-22 19:21:27'),
(348,	'DL-0348',	'2018-08-07 03:04:46',	'2018-11-12 09:33:02',	'2018-01-04 06:19:42',	'2018-03-22 19:21:27'),
(349,	'DL-0349',	'2018-02-09 23:34:17',	'2018-03-15 16:01:08',	'2018-04-21 22:53:22',	'2018-03-22 19:21:27'),
(350,	'DL-0350',	'2018-07-11 20:32:23',	'2018-10-10 16:05:02',	'2018-04-11 18:06:53',	'2018-03-22 19:21:27'),
(351,	'DL-0351',	'2018-08-04 19:17:25',	'2018-03-16 15:01:23',	'2018-06-01 11:11:32',	'2018-03-22 19:21:27'),
(352,	'DL-0352',	'2018-08-30 22:55:28',	'2018-08-02 21:37:00',	'2018-08-10 05:44:24',	'2018-03-22 19:21:27'),
(353,	'DL-0353',	'2018-05-27 03:14:21',	'2018-10-22 12:46:28',	'2018-01-04 22:05:10',	'2018-03-22 19:21:27'),
(354,	'DL-0354',	'2018-03-19 13:55:58',	'2018-11-15 02:31:17',	'2018-01-08 08:31:14',	'2018-03-22 19:21:27'),
(355,	'DL-0355',	'2018-03-09 11:29:01',	'2018-10-23 15:12:55',	'2018-12-30 07:44:12',	'2018-03-22 19:21:27'),
(356,	'DL-0356',	'2018-03-21 21:05:40',	'2018-07-24 21:38:57',	'2018-12-02 20:36:59',	'2018-03-22 19:21:27'),
(357,	'DL-0357',	'2018-10-28 09:40:03',	'2018-06-09 12:47:17',	'2018-11-15 13:11:02',	'2018-03-22 19:21:27'),
(358,	'DL-0358',	'2018-06-04 23:06:01',	'2018-08-25 01:20:40',	'2018-11-08 15:19:07',	'2018-03-22 19:21:27'),
(359,	'DL-0359',	'2018-11-08 10:44:47',	'2018-08-24 05:02:41',	'2018-08-07 14:19:26',	'2018-03-22 19:21:27'),
(360,	'DL-0360',	'2018-04-25 02:04:17',	'2018-01-31 22:17:58',	'2018-02-16 07:48:08',	'2018-03-22 19:21:28'),
(361,	'DL-0361',	'2018-11-01 07:06:56',	'2018-05-29 01:39:29',	'2018-07-12 13:03:37',	'2018-03-22 19:21:28'),
(362,	'DL-0362',	'2018-01-29 07:26:20',	'2018-02-21 18:02:45',	'2018-11-03 19:36:42',	'2018-03-22 19:21:28'),
(363,	'DL-0363',	'2018-03-22 09:49:53',	'2018-12-05 20:26:01',	'2018-03-25 01:18:41',	'2018-03-22 19:21:28'),
(364,	'DL-0364',	'2018-01-06 03:03:55',	'2018-08-06 03:21:37',	'2018-12-21 01:05:06',	'2018-03-22 19:21:28'),
(365,	'DL-0365',	'2018-10-26 18:38:52',	'2018-12-04 04:06:42',	'2018-10-04 06:59:21',	'2018-03-22 19:21:28'),
(366,	'DL-0366',	'2018-06-03 11:29:10',	'2018-05-20 23:41:41',	'2018-01-18 17:42:00',	'2018-03-22 19:21:28'),
(367,	'DL-0367',	'2018-04-06 06:47:22',	'2018-10-09 17:18:35',	'2018-07-23 21:14:32',	'2018-03-22 19:21:28'),
(368,	'DL-0368',	'2018-10-14 10:35:59',	'2018-08-26 16:11:54',	'2018-12-28 17:53:53',	'2018-03-22 19:21:28'),
(369,	'DL-0369',	'2018-11-21 01:34:39',	'2018-12-07 13:09:51',	'2018-12-25 12:57:53',	'2018-03-22 19:21:28'),
(370,	'DL-0370',	'2018-01-04 18:41:35',	'2018-07-04 21:05:05',	'2018-01-26 05:50:00',	'2018-03-22 19:21:28'),
(371,	'DL-0371',	'2018-02-16 23:37:37',	'2018-10-23 14:34:48',	'2018-02-02 15:05:29',	'2018-03-22 19:21:28'),
(372,	'DL-0372',	'2018-08-13 02:44:46',	'2018-02-03 16:03:46',	'2018-05-15 06:42:42',	'2018-03-22 19:21:28'),
(373,	'DL-0373',	'2018-05-22 00:45:31',	'2018-09-30 16:00:28',	'2018-10-09 08:32:14',	'2018-03-22 19:21:28'),
(374,	'DL-0374',	'2018-06-05 06:41:57',	'2018-03-27 04:53:52',	'2018-12-20 09:07:59',	'2018-03-22 19:21:28'),
(375,	'DL-0375',	'2018-03-21 20:40:27',	'2018-04-20 03:34:22',	'2018-12-03 14:11:29',	'2018-03-22 19:21:29'),
(376,	'DL-0376',	'2018-10-23 15:45:04',	'2018-08-18 02:57:57',	'2018-07-19 08:56:51',	'2018-03-22 19:21:29'),
(377,	'DL-0377',	'2018-02-27 18:08:11',	'2018-11-19 20:10:04',	'2018-05-22 01:45:40',	'2018-03-22 19:21:29'),
(378,	'DL-0378',	'2018-10-12 03:03:16',	'2018-03-09 07:07:23',	'2018-05-05 03:12:55',	'2018-03-22 19:21:29'),
(379,	'DL-0379',	'2018-06-16 13:53:08',	'2018-10-05 17:04:20',	'2018-06-29 14:55:15',	'2018-03-22 19:21:29'),
(380,	'DL-0380',	'2018-04-30 15:19:25',	'2018-02-22 23:24:59',	'2018-09-25 23:21:58',	'2018-03-22 19:21:29'),
(381,	'DL-0381',	'2018-06-14 03:03:55',	'2018-09-05 16:46:10',	'2018-03-21 03:04:18',	'2018-03-22 19:21:29'),
(382,	'DL-0382',	'2018-05-11 09:15:03',	'2018-02-06 02:50:36',	'2018-02-07 20:17:51',	'2018-03-22 19:21:29'),
(383,	'DL-0383',	'2018-03-23 10:33:27',	'2018-09-21 07:04:56',	'2018-11-28 17:25:07',	'2018-03-22 19:21:29'),
(384,	'DL-0384',	'2018-07-16 10:20:26',	'2018-08-06 08:52:54',	'2018-01-23 04:37:08',	'2018-03-22 19:21:29'),
(385,	'DL-0385',	'2018-08-21 18:16:50',	'2018-02-22 19:53:00',	'2018-10-04 13:53:32',	'2018-03-22 19:21:29'),
(386,	'DL-0386',	'2018-12-30 03:07:50',	'2018-12-24 20:08:01',	'2018-06-11 08:59:04',	'2018-03-22 19:21:29'),
(387,	'DL-0387',	'2018-12-06 22:18:06',	'2018-02-21 10:03:59',	'2018-10-28 12:12:50',	'2018-03-22 19:21:29'),
(388,	'DL-0388',	'2018-03-19 06:29:24',	'2018-10-15 01:19:10',	'2018-10-04 14:17:00',	'2018-03-22 19:21:29'),
(389,	'DL-0389',	'2018-03-12 05:58:11',	'2018-07-30 06:18:33',	'2018-08-15 11:55:41',	'2018-03-22 19:21:29'),
(390,	'DL-0390',	'2018-06-22 08:04:05',	'2018-04-15 19:26:17',	'2018-08-31 21:44:24',	'2018-03-22 19:21:29'),
(391,	'DL-0391',	'2018-03-04 19:18:27',	'2018-06-20 11:50:30',	'2018-11-05 00:13:25',	'2018-03-22 19:21:29'),
(392,	'DL-0392',	'2018-02-27 10:51:59',	'2018-01-31 06:46:15',	'2018-09-28 13:55:52',	'2018-03-22 19:21:29'),
(393,	'DL-0393',	'2018-05-16 20:28:36',	'2018-03-15 04:05:15',	'2018-07-29 14:42:00',	'2018-03-22 19:21:29'),
(394,	'DL-0394',	'2018-04-01 05:48:08',	'2018-02-23 19:29:57',	'2018-12-03 23:45:04',	'2018-03-22 19:21:29'),
(395,	'DL-0395',	'2018-04-30 23:31:50',	'2018-05-05 12:56:03',	'2018-04-12 06:01:47',	'2018-03-22 19:21:30'),
(396,	'DL-0396',	'2018-07-12 05:21:25',	'2018-02-05 23:39:10',	'2018-10-05 15:33:06',	'2018-03-22 19:21:30'),
(397,	'DL-0397',	'2018-11-12 15:01:41',	'2018-12-29 10:24:48',	'2018-10-23 16:21:06',	'2018-03-22 19:21:30'),
(398,	'DL-0398',	'2018-01-22 16:33:37',	'2018-05-06 03:18:19',	'2018-02-19 19:01:10',	'2018-03-22 19:21:30'),
(399,	'DL-0399',	'2018-07-24 07:09:09',	'2018-04-17 22:38:30',	'2018-07-05 17:23:39',	'2018-03-22 19:21:30'),
(400,	'DL-0400',	'2018-10-25 11:48:59',	'2018-08-04 08:07:12',	'2018-03-21 21:10:38',	'2018-03-22 19:21:30'),
(401,	'DL-0401',	'2018-04-18 01:32:46',	'2018-06-16 16:55:02',	'2018-06-24 08:21:51',	'2018-03-22 19:21:30'),
(402,	'DL-0402',	'2018-05-15 19:18:04',	'2018-04-05 06:42:45',	'2018-10-07 07:38:25',	'2018-03-22 19:21:30'),
(403,	'DL-0403',	'2018-03-14 21:48:06',	'2018-08-17 12:07:11',	'2018-12-13 05:01:16',	'2018-03-22 19:21:30'),
(404,	'DL-0404',	'2018-01-14 15:39:18',	'2018-12-13 04:17:39',	'2018-06-20 10:52:46',	'2018-03-22 19:21:30'),
(405,	'DL-0405',	'2018-12-24 14:24:43',	'2018-01-31 23:51:04',	'2018-12-10 23:25:43',	'2018-03-22 19:21:30'),
(406,	'DL-0406',	'2018-10-17 00:44:37',	'2018-08-04 22:00:48',	'2018-02-12 03:39:16',	'2018-03-22 19:21:30'),
(407,	'DL-0407',	'2018-02-26 07:37:52',	'2018-06-10 11:39:39',	'2018-11-17 15:03:51',	'2018-03-22 19:21:30'),
(408,	'DL-0408',	'2018-10-31 16:54:25',	'2018-05-21 14:12:32',	'2018-08-16 20:38:14',	'2018-03-22 19:21:30'),
(409,	'DL-0409',	'2018-07-06 06:26:34',	'2018-03-17 22:09:24',	'2018-10-14 23:08:56',	'2018-03-22 19:21:30'),
(410,	'DL-0410',	'2018-11-29 05:02:43',	'2018-05-10 18:09:21',	'2018-09-20 05:29:55',	'2018-03-22 19:21:30'),
(411,	'DL-0411',	'2018-08-27 08:26:01',	'2018-03-05 13:07:28',	'2018-09-11 21:06:52',	'2018-03-22 19:21:30'),
(412,	'DL-0412',	'2018-04-08 06:55:23',	'2018-02-07 02:04:57',	'2018-05-25 22:57:25',	'2018-03-22 19:21:30'),
(413,	'DL-0413',	'2018-04-19 09:22:47',	'2018-03-30 04:13:37',	'2018-12-19 16:04:34',	'2018-03-22 19:21:30'),
(414,	'DL-0414',	'2018-05-02 23:30:27',	'2018-03-31 01:34:15',	'2018-05-13 09:25:40',	'2018-03-22 19:21:31'),
(415,	'DL-0415',	'2018-08-28 17:07:31',	'2018-11-07 08:16:24',	'2018-08-23 19:59:26',	'2018-03-22 19:21:31'),
(416,	'DL-0416',	'2018-10-31 01:19:17',	'2018-05-05 04:51:21',	'2018-08-08 21:37:16',	'2018-03-22 19:21:31'),
(417,	'DL-0417',	'2018-03-02 17:35:39',	'2018-03-04 23:53:06',	'2018-04-07 23:39:42',	'2018-03-22 19:21:31'),
(418,	'DL-0418',	'2018-12-04 06:05:45',	'2018-09-12 10:18:54',	'2018-10-08 10:23:14',	'2018-03-22 19:21:31'),
(419,	'DL-0419',	'2018-12-29 12:23:59',	'2018-10-05 17:56:49',	'2018-07-30 07:01:58',	'2018-03-22 19:21:31'),
(420,	'DL-0420',	'2018-02-10 01:07:59',	'2018-09-29 15:30:18',	'2018-07-29 15:16:46',	'2018-03-22 19:21:31'),
(421,	'DL-0421',	'2018-08-28 15:57:14',	'2018-04-18 05:46:39',	'2018-01-16 15:49:07',	'2018-03-22 19:21:31'),
(422,	'DL-0422',	'2018-10-13 01:52:53',	'2018-12-23 13:54:31',	'2018-11-12 10:03:38',	'2018-03-22 19:21:31'),
(423,	'DL-0423',	'2018-04-30 16:54:58',	'2018-10-12 14:16:05',	'2018-02-22 22:51:52',	'2018-03-22 19:21:31'),
(424,	'DL-0424',	'2018-04-30 19:50:44',	'2018-02-17 18:33:50',	'2018-02-19 03:08:05',	'2018-03-22 19:21:31'),
(425,	'DL-0425',	'2018-07-04 03:22:43',	'2018-06-04 08:56:25',	'2018-12-09 18:35:39',	'2018-03-22 19:21:31'),
(426,	'DL-0426',	'2018-09-17 03:09:10',	'2018-12-10 15:39:01',	'2018-11-06 11:58:36',	'2018-03-22 19:21:31'),
(427,	'DL-0427',	'2018-06-15 04:16:56',	'2018-07-24 22:48:06',	'2018-01-27 03:45:55',	'2018-03-22 19:21:31'),
(428,	'DL-0428',	'2018-08-28 20:38:00',	'2018-02-05 20:23:10',	'2018-12-21 19:19:10',	'2018-03-22 19:21:31'),
(429,	'DL-0429',	'2018-10-21 18:33:30',	'2018-09-09 01:33:57',	'2018-10-23 20:57:25',	'2018-03-22 19:21:31'),
(430,	'DL-0430',	'2018-04-27 08:40:16',	'2018-01-22 21:17:37',	'2018-02-10 03:11:30',	'2018-03-22 19:21:31'),
(431,	'DL-0431',	'2018-08-18 20:15:27',	'2018-09-15 07:30:38',	'2018-03-13 05:09:26',	'2018-03-22 19:21:31'),
(432,	'DL-0432',	'2018-07-23 11:38:49',	'2018-02-01 08:38:45',	'2018-10-08 23:05:08',	'2018-03-22 19:21:31'),
(433,	'DL-0433',	'2018-06-19 21:17:04',	'2018-08-25 00:45:33',	'2018-11-14 10:54:26',	'2018-03-22 19:21:31'),
(434,	'DL-0434',	'2018-11-24 14:14:40',	'2018-10-16 05:52:15',	'2018-08-12 01:35:31',	'2018-03-22 19:21:32'),
(435,	'DL-0435',	'2018-03-16 21:16:20',	'2018-01-23 14:49:00',	'2018-02-19 20:08:38',	'2018-03-22 19:21:32'),
(436,	'DL-0436',	'2018-10-18 20:14:52',	'2018-04-06 22:18:21',	'2018-10-24 17:59:55',	'2018-03-22 19:21:32'),
(437,	'DL-0437',	'2018-11-22 01:32:44',	'2018-02-22 09:35:58',	'2018-06-20 17:40:34',	'2018-03-22 19:21:32'),
(438,	'DL-0438',	'2018-12-12 23:02:14',	'2018-04-04 20:28:51',	'2018-07-15 21:42:45',	'2018-03-22 19:21:32'),
(439,	'DL-0439',	'2018-11-19 06:27:51',	'2018-04-12 22:34:12',	'2018-01-03 22:51:11',	'2018-03-22 19:21:32'),
(440,	'DL-0440',	'2018-02-22 12:03:14',	'2018-10-06 16:59:55',	'2018-08-16 23:52:35',	'2018-03-22 19:21:32'),
(441,	'DL-0441',	'2018-01-27 12:47:22',	'2018-11-05 21:25:31',	'2018-03-14 03:44:11',	'2018-03-22 19:21:32'),
(442,	'DL-0442',	'2018-02-27 00:49:22',	'2018-09-12 18:21:36',	'2018-08-18 00:25:53',	'2018-03-22 19:21:32'),
(443,	'DL-0443',	'2018-01-20 06:39:06',	'2018-05-12 04:38:41',	'2018-03-12 11:00:52',	'2018-03-22 19:21:32'),
(444,	'DL-0444',	'2018-04-11 19:58:36',	'2018-07-10 00:04:14',	'2018-05-17 19:40:10',	'2018-03-22 19:21:32'),
(445,	'DL-0445',	'2018-02-21 19:55:29',	'2018-04-10 05:19:10',	'2018-10-29 15:02:35',	'2018-03-22 19:21:32'),
(446,	'DL-0446',	'2018-02-05 13:19:34',	'2018-10-09 12:12:17',	'2018-05-07 13:57:12',	'2018-03-22 19:21:32'),
(447,	'DL-0447',	'2018-08-12 17:45:20',	'2018-04-06 17:33:05',	'2018-01-26 08:28:49',	'2018-03-22 19:21:32'),
(448,	'DL-0448',	'2018-03-26 17:42:09',	'2018-01-04 11:45:34',	'2018-03-09 19:46:47',	'2018-03-22 19:21:33'),
(449,	'DL-0449',	'2018-09-17 18:55:54',	'2018-03-07 08:47:32',	'2018-05-08 12:50:57',	'2018-03-22 19:21:33'),
(450,	'DL-0450',	'2018-08-02 10:59:49',	'2018-09-06 15:47:07',	'2018-08-16 04:50:12',	'2018-03-22 19:21:33'),
(451,	'DL-0451',	'2018-01-30 11:42:58',	'2018-09-27 18:38:01',	'2018-07-19 10:27:33',	'2018-03-22 19:21:33'),
(452,	'DL-0452',	'2018-08-12 04:41:07',	'2018-03-15 13:57:50',	'2018-08-08 13:38:19',	'2018-03-22 19:21:33'),
(453,	'DL-0453',	'2018-02-06 07:45:33',	'2018-06-05 07:41:42',	'2018-11-15 07:12:54',	'2018-03-22 19:21:33'),
(454,	'DL-0454',	'2018-02-04 22:24:20',	'2018-08-04 02:12:55',	'2018-09-29 19:45:05',	'2018-03-22 19:21:33'),
(455,	'DL-0455',	'2018-05-31 07:29:37',	'2018-03-31 14:21:37',	'2018-12-12 23:07:05',	'2018-03-22 19:21:33'),
(456,	'DL-0456',	'2018-03-08 08:50:29',	'2018-12-24 17:23:59',	'2018-04-26 16:22:41',	'2018-03-22 19:21:33'),
(457,	'DL-0457',	'2018-10-16 15:58:51',	'2018-08-22 18:31:46',	'2018-06-21 17:25:05',	'2018-03-22 19:21:33'),
(458,	'DL-0458',	'2018-01-26 00:03:19',	'2018-09-26 00:56:46',	'2018-07-06 22:52:32',	'2018-03-22 19:21:33'),
(459,	'DL-0459',	'2018-08-06 17:19:03',	'2018-10-31 04:20:07',	'2018-04-26 04:35:58',	'2018-03-22 19:21:33'),
(460,	'DL-0460',	'2018-10-07 04:44:40',	'2018-10-06 11:26:56',	'2018-07-18 10:45:41',	'2018-03-22 19:21:33'),
(461,	'DL-0461',	'2018-05-25 18:34:28',	'2018-03-24 22:34:35',	'2018-03-07 11:53:21',	'2018-03-22 19:21:33'),
(462,	'DL-0462',	'2018-09-08 22:50:41',	'2018-06-12 11:17:14',	'2018-07-02 14:27:07',	'2018-03-22 19:21:33'),
(463,	'DL-0463',	'2018-06-01 21:18:32',	'2018-10-13 15:01:23',	'2018-05-04 11:10:20',	'2018-03-22 19:21:33'),
(464,	'DL-0464',	'2018-10-11 14:01:12',	'2018-07-08 05:34:22',	'2018-12-17 16:44:10',	'2018-03-22 19:21:33'),
(465,	'DL-0465',	'2018-02-09 00:12:21',	'2018-12-21 16:59:21',	'2018-07-17 13:31:05',	'2018-03-22 19:21:33'),
(466,	'DL-0466',	'2018-05-03 11:03:21',	'2018-02-16 03:10:10',	'2018-06-15 09:46:21',	'2018-03-22 19:21:34'),
(467,	'DL-0467',	'2018-10-12 20:59:28',	'2018-09-13 15:36:08',	'2018-11-06 03:03:39',	'2018-03-22 19:21:34'),
(468,	'DL-0468',	'2018-09-03 23:26:48',	'2018-03-08 16:20:24',	'2018-11-13 12:02:20',	'2018-03-22 19:21:34'),
(469,	'DL-0469',	'2018-05-20 05:24:01',	'2018-08-07 15:21:20',	'2018-01-17 22:38:00',	'2018-03-22 19:21:34'),
(470,	'DL-0470',	'2018-03-28 23:30:00',	'2018-09-12 04:25:44',	'2018-04-25 13:50:37',	'2018-03-22 19:21:34'),
(471,	'DL-0471',	'2018-04-02 00:43:40',	'2018-10-26 00:58:21',	'2018-08-17 06:27:36',	'2018-03-22 19:21:34'),
(472,	'DL-0472',	'2018-06-21 06:27:43',	'2018-05-14 02:12:47',	'2018-02-04 06:43:23',	'2018-03-22 19:21:34'),
(473,	'DL-0473',	'2018-06-09 01:45:15',	'2018-03-06 02:22:59',	'2018-04-17 17:49:23',	'2018-03-22 19:21:34'),
(474,	'DL-0474',	'2018-05-02 00:04:47',	'2018-09-02 16:56:16',	'2018-02-14 07:19:05',	'2018-03-22 19:21:34'),
(475,	'DL-0475',	'2018-09-09 18:28:15',	'2018-05-07 02:33:57',	'2018-10-25 13:54:51',	'2018-03-22 19:21:34'),
(476,	'DL-0476',	'2018-01-31 19:36:31',	'2018-10-08 18:01:55',	'2018-03-27 20:41:28',	'2018-03-22 19:21:34'),
(477,	'DL-0477',	'2018-04-30 08:16:18',	'2018-04-22 13:24:39',	'2018-07-13 16:34:18',	'2018-03-22 19:21:34'),
(478,	'DL-0478',	'2018-04-13 21:15:06',	'2018-12-06 23:06:36',	'2018-07-06 20:18:31',	'2018-03-22 19:21:34'),
(479,	'DL-0479',	'2018-10-25 02:45:09',	'2018-08-09 22:11:44',	'2018-06-21 09:09:18',	'2018-03-22 19:21:34'),
(480,	'DL-0480',	'2018-07-18 16:10:25',	'2018-11-10 07:11:53',	'2018-02-08 14:10:44',	'2018-03-22 19:21:34'),
(481,	'DL-0481',	'2018-12-02 17:15:45',	'2018-10-05 04:27:41',	'2018-06-10 08:01:16',	'2018-03-22 19:21:35'),
(482,	'DL-0482',	'2018-09-20 03:27:32',	'2018-11-22 20:27:52',	'2018-08-13 09:00:28',	'2018-03-22 19:21:35'),
(483,	'DL-0483',	'2018-10-28 05:07:33',	'2018-07-03 17:55:20',	'2018-05-06 16:03:53',	'2018-03-22 19:21:35'),
(484,	'DL-0484',	'2018-02-01 13:29:48',	'2018-02-20 16:49:53',	'2018-01-14 22:44:42',	'2018-03-22 19:21:35'),
(485,	'DL-0485',	'2018-11-09 12:35:38',	'2018-01-14 10:19:45',	'2018-09-11 16:27:08',	'2018-03-22 19:21:35'),
(486,	'DL-0486',	'2018-08-31 18:25:58',	'2018-08-07 07:53:57',	'2018-06-19 07:27:07',	'2018-03-22 19:21:35'),
(487,	'DL-0487',	'2018-05-22 04:21:47',	'2018-01-03 05:43:09',	'2018-07-28 19:42:27',	'2018-03-22 19:21:35'),
(488,	'DL-0488',	'2018-10-21 11:35:36',	'2018-06-12 13:53:29',	'2018-04-28 06:30:09',	'2018-03-22 19:21:35'),
(489,	'DL-0489',	'2018-11-04 23:53:44',	'2018-01-16 22:33:12',	'2018-11-06 22:30:24',	'2018-03-22 19:21:35'),
(490,	'DL-0490',	'2018-08-19 20:08:25',	'2018-02-18 17:30:54',	'2018-09-15 17:44:03',	'2018-03-22 19:21:35'),
(491,	'DL-0491',	'2018-03-15 06:36:46',	'2018-06-04 10:58:54',	'2018-06-28 15:36:43',	'2018-03-22 19:21:35'),
(492,	'DL-0492',	'2018-02-25 06:45:49',	'2018-07-06 14:07:46',	'2018-07-18 10:03:08',	'2018-03-22 19:21:35'),
(493,	'DL-0493',	'2018-05-27 14:25:31',	'2018-04-13 10:44:59',	'2018-11-10 05:12:24',	'2018-03-22 19:21:35'),
(494,	'DL-0494',	'2018-05-17 20:26:49',	'2018-03-22 02:37:48',	'2018-10-05 01:58:21',	'2018-03-22 19:21:35'),
(495,	'DL-0495',	'2018-05-18 13:55:12',	'2018-11-07 09:37:57',	'2018-05-30 02:12:53',	'2018-03-22 19:21:35'),
(496,	'DL-0496',	'2018-05-12 06:26:34',	'2018-05-27 08:38:20',	'2018-02-06 01:16:04',	'2018-03-22 19:21:35'),
(497,	'DL-0497',	'2018-07-03 09:25:32',	'2018-06-08 17:18:02',	'2018-12-24 11:49:23',	'2018-03-22 19:21:35'),
(498,	'DL-0498',	'2018-08-21 14:14:02',	'2018-09-28 08:05:46',	'2018-07-18 10:42:44',	'2018-03-22 19:21:35'),
(499,	'DL-0499',	'2018-01-13 13:36:22',	'2018-11-15 09:57:00',	'2018-07-04 17:45:38',	'2018-03-22 19:21:35'),
(500,	'DL-0500',	'2018-01-28 11:37:01',	'2018-07-13 12:20:17',	'2018-07-23 19:16:00',	'2018-03-22 19:21:35'),
(501,	'DL-0501',	'2018-06-17 19:18:33',	'2018-06-11 18:42:17',	'2018-12-05 01:37:02',	'2018-03-22 19:21:35'),
(502,	'DL-0502',	'2018-05-21 22:58:07',	'2018-08-12 04:39:44',	'2018-09-19 07:53:05',	'2018-03-22 19:21:35'),
(503,	'DL-0503',	'2018-08-20 08:19:02',	'2018-04-25 05:07:41',	'2018-05-19 10:24:10',	'2018-03-22 19:21:35'),
(504,	'DL-0504',	'2018-07-16 22:28:01',	'2018-03-14 01:29:38',	'2018-10-30 21:24:06',	'2018-03-22 19:21:36'),
(505,	'DL-0505',	'2018-04-09 22:13:50',	'2018-05-08 09:09:11',	'2018-12-21 21:59:24',	'2018-03-22 19:21:36'),
(506,	'DL-0506',	'2018-05-03 13:47:05',	'2018-08-12 15:30:09',	'2018-01-03 07:25:37',	'2018-03-22 19:21:36'),
(507,	'DL-0507',	'2018-11-25 23:26:12',	'2018-10-24 22:45:31',	'2018-04-13 21:53:52',	'2018-03-22 19:21:36'),
(508,	'DL-0508',	'2018-03-05 21:23:43',	'2018-06-02 17:06:47',	'2018-02-20 21:00:20',	'2018-03-22 19:21:36'),
(509,	'DL-0509',	'2018-07-04 19:21:11',	'2018-11-06 17:57:09',	'2018-06-10 19:41:22',	'2018-03-22 19:21:36'),
(510,	'DL-0510',	'2018-01-13 22:19:05',	'2018-03-02 02:05:10',	'2018-05-21 15:12:40',	'2018-03-22 19:21:36'),
(511,	'DL-0511',	'2018-10-11 23:21:09',	'2018-05-01 16:19:16',	'2018-08-22 15:26:00',	'2018-03-22 19:21:36'),
(512,	'DL-0512',	'2018-12-13 23:36:04',	'2018-08-19 17:09:13',	'2018-11-28 04:11:19',	'2018-03-22 19:21:36'),
(513,	'DL-0513',	'2018-04-25 23:37:48',	'2018-11-20 19:43:25',	'2018-02-09 18:27:15',	'2018-03-22 19:21:36'),
(514,	'DL-0514',	'2018-09-30 14:59:36',	'2018-08-31 10:54:21',	'2018-11-23 03:33:52',	'2018-03-22 19:21:36'),
(515,	'DL-0515',	'2018-09-07 00:53:29',	'2018-01-20 18:29:29',	'2018-02-09 02:45:16',	'2018-03-22 19:21:36'),
(516,	'DL-0516',	'2018-07-07 08:07:15',	'2018-06-10 22:40:30',	'2018-03-08 04:18:10',	'2018-03-22 19:21:36'),
(517,	'DL-0517',	'2018-06-06 03:31:35',	'2018-01-10 04:51:32',	'2018-03-19 00:57:03',	'2018-03-22 19:21:36'),
(518,	'DL-0518',	'2018-03-16 03:09:19',	'2018-12-27 09:03:20',	'2018-09-18 00:44:31',	'2018-03-22 19:21:36'),
(519,	'DL-0519',	'2018-12-05 23:27:37',	'2018-07-26 07:26:44',	'2018-04-12 06:06:48',	'2018-03-22 19:21:36'),
(520,	'DL-0520',	'2018-07-05 03:28:28',	'2018-03-26 18:52:16',	'2018-05-27 03:29:20',	'2018-03-22 19:21:37'),
(521,	'DL-0521',	'2018-02-16 22:31:31',	'2018-02-09 08:00:09',	'2018-12-01 08:04:44',	'2018-03-22 19:21:37'),
(522,	'DL-0522',	'2018-06-25 10:18:32',	'2018-09-26 07:04:14',	'2018-03-24 13:19:06',	'2018-03-22 19:21:37'),
(523,	'DL-0523',	'2018-04-23 01:09:34',	'2018-06-07 01:13:42',	'2018-06-23 21:30:06',	'2018-03-22 19:21:37'),
(524,	'DL-0524',	'2018-11-03 20:57:51',	'2018-06-28 00:58:13',	'2018-08-01 05:01:17',	'2018-03-22 19:21:37'),
(525,	'DL-0525',	'2018-05-10 11:07:37',	'2018-03-26 22:05:09',	'2018-02-26 08:38:33',	'2018-03-22 19:21:37'),
(526,	'DL-0526',	'2018-05-05 21:58:10',	'2018-08-15 19:15:53',	'2018-02-15 10:25:16',	'2018-03-22 19:21:37'),
(527,	'DL-0527',	'2018-03-08 07:10:40',	'2018-07-09 18:21:46',	'2018-01-27 19:41:42',	'2018-03-22 19:21:37'),
(528,	'DL-0528',	'2018-01-28 08:05:21',	'2018-12-05 11:31:46',	'2018-03-02 12:32:35',	'2018-03-22 19:21:37'),
(529,	'DL-0529',	'2018-07-14 14:36:53',	'2018-11-15 17:49:30',	'2018-03-01 13:40:02',	'2018-03-22 19:21:37'),
(530,	'DL-0530',	'2018-07-01 13:38:21',	'2018-02-28 01:47:59',	'2018-05-04 14:48:39',	'2018-03-22 19:21:37'),
(531,	'DL-0531',	'2018-03-19 02:01:09',	'2018-12-23 01:23:33',	'2018-07-22 13:56:31',	'2018-03-22 19:21:37'),
(532,	'DL-0532',	'2018-08-23 12:44:12',	'2018-12-06 19:08:32',	'2018-05-24 22:19:11',	'2018-03-22 19:21:37'),
(533,	'DL-0533',	'2018-10-30 01:30:50',	'2018-08-09 18:41:55',	'2018-02-03 06:09:07',	'2018-03-22 19:21:37'),
(534,	'DL-0534',	'2018-08-09 18:46:36',	'2018-06-25 11:09:52',	'2018-04-25 16:15:52',	'2018-03-22 19:21:37'),
(535,	'DL-0535',	'2018-10-07 02:50:28',	'2018-05-01 15:31:16',	'2018-07-29 01:19:19',	'2018-03-22 19:21:37'),
(536,	'DL-0536',	'2018-02-13 22:13:13',	'2018-08-25 19:55:24',	'2018-06-23 15:05:57',	'2018-03-22 19:21:37'),
(537,	'DL-0537',	'2018-04-09 13:40:10',	'2018-07-17 06:22:18',	'2018-05-02 15:11:53',	'2018-03-22 19:21:37'),
(538,	'DL-0538',	'2018-06-17 18:07:07',	'2018-05-14 09:11:53',	'2018-05-15 09:54:35',	'2018-03-22 19:21:38'),
(539,	'DL-0539',	'2018-10-08 05:47:17',	'2018-06-08 13:47:16',	'2018-10-28 11:52:35',	'2018-03-22 19:21:38'),
(540,	'DL-0540',	'2018-09-14 04:30:50',	'2018-06-13 23:13:22',	'2018-11-09 07:17:41',	'2018-03-22 19:21:38'),
(541,	'DL-0541',	'2018-03-27 09:23:08',	'2018-02-15 22:59:10',	'2018-01-15 04:32:58',	'2018-03-22 19:21:38'),
(542,	'DL-0542',	'2018-10-01 22:40:46',	'2018-08-23 10:21:05',	'2018-07-16 19:20:13',	'2018-03-22 19:21:38'),
(543,	'DL-0543',	'2018-12-01 08:55:41',	'2018-03-13 01:53:00',	'2018-06-01 23:54:33',	'2018-03-22 19:21:38'),
(544,	'DL-0544',	'2018-08-24 21:28:36',	'2018-11-16 12:48:11',	'2018-10-01 10:07:50',	'2018-03-22 19:21:38'),
(545,	'DL-0545',	'2018-04-02 22:21:45',	'2018-08-29 20:13:48',	'2018-09-30 17:11:31',	'2018-03-22 19:21:38'),
(546,	'DL-0546',	'2018-11-06 18:04:07',	'2018-02-24 01:40:40',	'2018-09-05 19:15:55',	'2018-03-22 19:21:38'),
(547,	'DL-0547',	'2018-09-26 12:41:49',	'2018-12-12 07:01:36',	'2018-05-16 00:01:44',	'2018-03-22 19:21:38'),
(548,	'DL-0548',	'2018-08-01 04:25:21',	'2018-05-18 07:23:45',	'2018-10-10 01:57:48',	'2018-03-22 19:21:38'),
(549,	'DL-0549',	'2018-10-29 21:39:03',	'2018-05-06 04:09:14',	'2018-05-29 22:46:37',	'2018-03-22 19:21:38'),
(550,	'DL-0550',	'2018-05-04 19:20:58',	'2018-05-10 05:41:46',	'2018-04-01 14:57:44',	'2018-03-22 19:21:38'),
(551,	'DL-0551',	'2018-04-27 02:42:31',	'2018-08-21 11:05:42',	'2018-10-23 20:18:53',	'2018-03-22 19:21:38'),
(552,	'DL-0552',	'2018-05-21 15:24:17',	'2018-12-04 17:21:58',	'2018-02-28 06:36:23',	'2018-03-22 19:21:38'),
(553,	'DL-0553',	'2018-11-18 14:35:30',	'2018-09-14 23:10:20',	'2018-04-13 01:49:35',	'2018-03-22 19:21:38'),
(554,	'DL-0554',	'2018-04-23 15:25:53',	'2018-06-26 05:56:24',	'2018-01-18 18:41:12',	'2018-03-22 19:21:38'),
(555,	'DL-0555',	'2018-07-21 07:42:07',	'2018-05-11 12:51:37',	'2018-01-04 16:58:42',	'2018-03-22 19:21:38'),
(556,	'DL-0556',	'2018-12-05 21:29:16',	'2018-07-02 13:38:58',	'2018-02-07 11:43:32',	'2018-03-22 19:21:38'),
(557,	'DL-0557',	'2018-09-05 08:01:15',	'2018-10-08 18:12:09',	'2018-05-31 21:10:11',	'2018-03-22 19:21:38'),
(558,	'DL-0558',	'2018-12-01 20:27:03',	'2018-10-11 20:35:26',	'2018-04-11 03:12:36',	'2018-03-22 19:21:38'),
(559,	'DL-0559',	'2018-03-30 20:45:32',	'2018-12-31 05:52:10',	'2018-12-18 18:59:47',	'2018-03-22 19:21:38'),
(560,	'DL-0560',	'2018-10-21 18:49:54',	'2018-01-18 20:57:08',	'2018-11-07 07:15:28',	'2018-03-22 19:21:39'),
(561,	'DL-0561',	'2018-06-29 20:22:18',	'2018-12-14 01:17:53',	'2018-09-14 22:02:12',	'2018-03-22 19:21:39'),
(562,	'DL-0562',	'2018-06-21 05:43:02',	'2018-10-09 04:54:12',	'2018-05-28 16:47:05',	'2018-03-22 19:21:39'),
(563,	'DL-0563',	'2018-08-29 12:30:05',	'2018-12-15 15:03:07',	'2018-04-24 11:27:57',	'2018-03-22 19:21:39'),
(564,	'DL-0564',	'2018-04-22 19:28:39',	'2018-10-09 00:05:15',	'2018-05-20 04:17:59',	'2018-03-22 19:21:39'),
(565,	'DL-0565',	'2018-09-10 17:40:58',	'2018-05-06 09:36:22',	'2018-01-11 21:47:20',	'2018-03-22 19:21:39'),
(566,	'DL-0566',	'2018-10-06 07:05:37',	'2018-05-22 15:13:32',	'2018-02-04 04:52:55',	'2018-03-22 19:21:39'),
(567,	'DL-0567',	'2018-12-16 14:49:56',	'2018-12-19 16:45:28',	'2018-01-25 04:19:29',	'2018-03-22 19:21:39'),
(568,	'DL-0568',	'2018-09-11 13:45:30',	'2018-02-26 15:20:42',	'2018-03-30 06:41:54',	'2018-03-22 19:21:39'),
(569,	'DL-0569',	'2018-11-30 03:50:25',	'2018-06-16 20:00:35',	'2018-12-26 22:47:47',	'2018-03-22 19:21:39'),
(570,	'DL-0570',	'2018-10-23 09:53:38',	'2018-03-31 22:52:43',	'2018-04-16 01:59:52',	'2018-03-22 19:21:39'),
(571,	'DL-0571',	'2018-01-13 18:02:14',	'2018-11-20 05:24:26',	'2018-08-31 02:28:18',	'2018-03-22 19:21:39'),
(572,	'DL-0572',	'2018-02-23 16:35:34',	'2018-05-29 14:58:51',	'2018-05-14 06:11:49',	'2018-03-22 19:21:39'),
(573,	'DL-0573',	'2018-05-30 03:11:44',	'2018-03-08 10:01:33',	'2018-01-03 22:51:36',	'2018-03-22 19:21:39'),
(574,	'DL-0574',	'2018-08-10 00:06:59',	'2018-07-04 00:39:15',	'2018-07-12 08:42:20',	'2018-03-22 19:21:39'),
(575,	'DL-0575',	'2018-09-20 14:22:24',	'2018-01-16 13:00:46',	'2018-05-11 17:36:27',	'2018-03-22 19:21:39'),
(576,	'DL-0576',	'2018-11-15 02:48:29',	'2018-08-06 04:08:54',	'2018-01-15 14:23:02',	'2018-03-22 19:21:39'),
(577,	'DL-0577',	'2018-07-30 01:05:25',	'2018-02-10 06:43:18',	'2018-04-08 08:53:19',	'2018-03-22 19:21:39'),
(578,	'DL-0578',	'2018-06-04 15:07:51',	'2018-01-28 08:28:24',	'2018-06-16 21:41:45',	'2018-03-22 19:21:39'),
(579,	'DL-0579',	'2018-01-15 05:52:02',	'2018-02-19 19:39:37',	'2018-11-21 10:51:39',	'2018-03-22 19:21:39'),
(580,	'DL-0580',	'2018-10-19 06:31:04',	'2018-11-30 05:38:21',	'2018-11-20 02:16:58',	'2018-03-22 19:21:39'),
(581,	'DL-0581',	'2018-10-12 07:06:45',	'2018-05-24 19:34:00',	'2018-04-13 00:40:24',	'2018-03-22 19:21:40'),
(582,	'DL-0582',	'2018-01-01 14:26:46',	'2018-01-18 11:21:28',	'2018-10-24 21:39:06',	'2018-03-22 19:21:40'),
(583,	'DL-0583',	'2018-11-23 07:07:33',	'2018-12-03 09:43:34',	'2018-10-12 05:14:35',	'2018-03-22 19:21:40'),
(584,	'DL-0584',	'2018-11-28 22:14:15',	'2018-04-15 10:20:10',	'2018-02-05 00:32:29',	'2018-03-22 19:21:40'),
(585,	'DL-0585',	'2018-05-13 22:58:37',	'2018-09-25 06:02:32',	'2018-05-15 07:57:49',	'2018-03-22 19:21:40'),
(586,	'DL-0586',	'2018-02-09 22:25:07',	'2018-05-13 01:09:07',	'2018-03-08 02:31:10',	'2018-03-22 19:21:40'),
(587,	'DL-0587',	'2018-08-10 02:36:37',	'2018-06-23 05:10:05',	'2018-06-23 09:31:11',	'2018-03-22 19:21:40'),
(588,	'DL-0588',	'2018-07-24 02:35:06',	'2018-10-08 02:33:22',	'2018-11-11 04:04:54',	'2018-03-22 19:21:40'),
(589,	'DL-0589',	'2018-02-19 22:54:03',	'2018-06-27 11:33:07',	'2018-05-29 18:01:58',	'2018-03-22 19:21:40'),
(590,	'DL-0590',	'2018-05-27 17:28:48',	'2018-05-15 00:03:12',	'2018-09-03 18:16:43',	'2018-03-22 19:21:40'),
(591,	'DL-0591',	'2018-03-18 23:24:27',	'2018-04-03 01:04:38',	'2018-11-12 05:29:44',	'2018-03-22 19:21:40'),
(592,	'DL-0592',	'2018-09-28 03:59:46',	'2018-06-23 19:48:45',	'2018-05-03 08:49:23',	'2018-03-22 19:21:40'),
(593,	'DL-0593',	'2018-03-13 20:42:47',	'2018-11-25 18:23:15',	'2018-05-13 15:29:08',	'2018-03-22 19:21:40'),
(594,	'DL-0594',	'2018-03-08 13:06:22',	'2018-11-19 07:50:27',	'2018-11-06 16:38:12',	'2018-03-22 19:21:40'),
(595,	'DL-0595',	'2018-06-16 14:31:15',	'2018-04-05 06:14:53',	'2018-02-28 00:59:23',	'2018-03-22 19:21:40'),
(596,	'DL-0596',	'2018-06-27 18:08:28',	'2018-11-15 08:21:28',	'2018-07-31 16:35:01',	'2018-03-22 19:21:40'),
(597,	'DL-0597',	'2018-08-24 23:04:16',	'2018-07-18 06:47:11',	'2018-10-14 04:56:07',	'2018-03-22 19:21:40'),
(598,	'DL-0598',	'2018-12-29 13:21:55',	'2018-02-08 22:45:28',	'2018-03-11 17:50:32',	'2018-03-22 19:21:40'),
(599,	'DL-0599',	'2018-01-18 06:27:20',	'2018-11-28 13:46:05',	'2018-05-27 12:02:34',	'2018-03-22 19:21:40'),
(600,	'DL-0600',	'2018-10-29 10:53:38',	'2018-01-09 17:56:56',	'2018-03-17 13:45:48',	'2018-03-22 19:21:40'),
(601,	'DL-0601',	'2018-11-18 12:06:51',	'2018-07-01 16:37:19',	'2018-08-24 06:39:17',	'2018-03-22 19:21:41'),
(602,	'DL-0602',	'2018-01-31 05:32:44',	'2018-10-28 20:29:47',	'2018-06-09 04:26:28',	'2018-03-22 19:21:41'),
(603,	'DL-0603',	'2018-04-24 18:30:11',	'2018-06-11 20:19:05',	'2018-03-30 02:43:13',	'2018-03-22 19:21:41'),
(604,	'DL-0604',	'2018-10-25 23:25:57',	'2018-07-30 01:38:32',	'2018-08-27 16:14:12',	'2018-03-22 19:21:41'),
(605,	'DL-0605',	'2018-11-14 21:17:42',	'2018-01-07 13:00:08',	'2018-03-02 14:12:10',	'2018-03-22 19:21:41'),
(606,	'DL-0606',	'2018-07-20 15:00:08',	'2018-04-12 22:09:21',	'2018-03-01 12:37:12',	'2018-03-22 19:21:41'),
(607,	'DL-0607',	'2018-03-17 06:38:12',	'2018-12-23 06:46:29',	'2018-05-10 19:53:27',	'2018-03-22 19:21:41'),
(608,	'DL-0608',	'2018-08-14 07:51:33',	'2018-10-06 11:48:11',	'2018-05-19 00:49:54',	'2018-03-22 19:21:41'),
(609,	'DL-0609',	'2018-06-13 21:14:51',	'2018-05-02 13:48:27',	'2018-11-30 01:20:05',	'2018-03-22 19:21:41'),
(610,	'DL-0610',	'2018-01-21 21:17:26',	'2018-08-09 22:43:23',	'2018-10-28 19:41:39',	'2018-03-22 19:21:41'),
(611,	'DL-0611',	'2018-11-03 23:31:04',	'2018-10-27 06:34:00',	'2018-10-01 08:37:03',	'2018-03-22 19:21:41'),
(612,	'DL-0612',	'2018-02-15 16:26:50',	'2018-09-19 18:05:03',	'2018-05-21 22:23:03',	'2018-03-22 19:21:41'),
(613,	'DL-0613',	'2018-03-19 04:41:21',	'2018-11-04 01:59:13',	'2018-05-16 05:02:44',	'2018-03-22 19:21:41'),
(614,	'DL-0614',	'2018-06-20 15:05:32',	'2018-07-06 12:10:46',	'2018-07-15 01:21:46',	'2018-03-22 19:21:41'),
(615,	'DL-0615',	'2018-03-14 22:30:23',	'2018-09-21 01:04:49',	'2018-10-01 14:58:30',	'2018-03-22 19:21:41'),
(616,	'DL-0616',	'2018-10-12 01:52:49',	'2018-10-25 06:11:50',	'2018-06-27 21:07:04',	'2018-03-22 19:21:41'),
(617,	'DL-0617',	'2018-01-24 21:06:11',	'2018-02-03 15:39:11',	'2018-07-22 11:10:13',	'2018-03-22 19:21:41'),
(618,	'DL-0618',	'2018-11-01 05:40:37',	'2018-08-30 03:26:42',	'2018-08-15 11:14:36',	'2018-03-22 19:21:41'),
(619,	'DL-0619',	'2018-01-22 07:52:16',	'2018-08-26 15:05:31',	'2018-06-21 15:13:07',	'2018-03-22 19:21:42'),
(620,	'DL-0620',	'2018-01-28 07:30:10',	'2018-04-08 02:32:38',	'2018-05-28 00:14:32',	'2018-03-22 19:21:42'),
(621,	'DL-0621',	'2018-01-12 21:22:15',	'2018-02-08 01:06:58',	'2018-05-21 02:26:03',	'2018-03-22 19:21:42'),
(622,	'DL-0622',	'2018-06-22 19:08:16',	'2018-09-24 16:37:08',	'2018-07-10 01:44:18',	'2018-03-22 19:21:42'),
(623,	'DL-0623',	'2018-11-22 09:53:30',	'2018-01-11 01:05:36',	'2018-09-17 06:26:58',	'2018-03-22 19:21:42'),
(624,	'DL-0624',	'2018-07-21 06:08:18',	'2018-09-05 10:15:43',	'2018-07-17 07:44:00',	'2018-03-22 19:21:42'),
(625,	'DL-0625',	'2018-05-24 04:49:14',	'2018-05-25 16:20:17',	'2018-11-05 15:50:19',	'2018-03-22 19:21:42'),
(626,	'DL-0626',	'2018-09-02 12:15:22',	'2018-06-11 23:38:44',	'2018-07-20 11:30:08',	'2018-03-22 19:21:42'),
(627,	'DL-0627',	'2018-11-02 14:52:29',	'2018-10-17 23:51:39',	'2018-01-30 10:33:15',	'2018-03-22 19:21:42'),
(628,	'DL-0628',	'2018-12-09 17:11:45',	'2018-12-12 00:28:42',	'2018-07-06 02:12:58',	'2018-03-22 19:21:42'),
(629,	'DL-0629',	'2018-10-08 09:35:34',	'2018-11-24 21:11:57',	'2018-02-06 16:52:22',	'2018-03-22 19:21:42'),
(630,	'DL-0630',	'2018-03-31 06:09:31',	'2018-03-21 19:23:32',	'2018-10-30 13:15:34',	'2018-03-22 19:21:42'),
(631,	'DL-0631',	'2018-01-06 02:18:39',	'2018-03-13 19:14:15',	'2018-11-08 12:48:45',	'2018-03-22 19:21:42'),
(632,	'DL-0632',	'2018-09-05 01:29:35',	'2018-08-28 05:57:13',	'2018-10-04 11:13:46',	'2018-03-22 19:21:42'),
(633,	'DL-0633',	'2018-04-09 20:34:59',	'2018-04-08 01:14:06',	'2018-04-19 22:08:20',	'2018-03-22 19:21:42'),
(634,	'DL-0634',	'2018-09-03 19:29:47',	'2018-12-30 19:24:46',	'2018-10-29 09:40:54',	'2018-03-22 19:21:42'),
(635,	'DL-0635',	'2018-11-16 13:14:12',	'2018-02-02 08:09:33',	'2018-05-27 21:47:53',	'2018-03-22 19:21:42'),
(636,	'DL-0636',	'2018-07-11 14:54:35',	'2018-02-07 20:12:17',	'2018-11-16 21:57:38',	'2018-03-22 19:21:42'),
(637,	'DL-0637',	'2018-07-09 08:49:21',	'2018-01-19 17:14:37',	'2018-07-15 23:53:29',	'2018-03-22 19:21:42'),
(638,	'DL-0638',	'2018-04-07 00:12:03',	'2018-10-02 11:46:00',	'2018-08-04 08:29:02',	'2018-03-22 19:21:43'),
(639,	'DL-0639',	'2018-09-19 14:47:01',	'2018-06-16 00:29:37',	'2018-06-13 09:16:37',	'2018-03-22 19:21:43'),
(640,	'DL-0640',	'2018-08-28 08:15:18',	'2018-12-15 18:34:31',	'2018-03-09 19:00:19',	'2018-03-22 19:21:43'),
(641,	'DL-0641',	'2018-10-30 19:30:58',	'2018-12-29 17:45:14',	'2018-11-01 20:08:51',	'2018-03-22 19:21:43'),
(642,	'DL-0642',	'2018-03-09 01:51:25',	'2018-02-28 13:29:40',	'2018-04-24 16:02:22',	'2018-03-22 19:21:43'),
(643,	'DL-0643',	'2018-05-12 03:40:09',	'2018-02-24 01:33:07',	'2018-10-05 14:58:58',	'2018-03-22 19:21:43'),
(644,	'DL-0644',	'2018-09-28 09:45:43',	'2018-12-04 14:54:21',	'2018-03-15 17:05:07',	'2018-03-22 19:21:43'),
(645,	'DL-0645',	'2018-03-10 08:28:12',	'2018-06-10 01:57:44',	'2018-07-17 23:58:26',	'2018-03-22 19:21:43'),
(646,	'DL-0646',	'2018-02-18 10:36:41',	'2018-07-27 17:31:09',	'2018-02-23 13:31:44',	'2018-03-22 19:21:43'),
(647,	'DL-0647',	'2018-01-06 20:30:05',	'2018-10-14 10:06:40',	'2018-09-16 13:32:00',	'2018-03-22 19:21:43'),
(648,	'DL-0648',	'2018-06-13 02:47:08',	'2018-07-10 22:26:55',	'2018-03-30 09:20:53',	'2018-03-22 19:21:43'),
(649,	'DL-0649',	'2018-09-16 06:43:31',	'2018-06-11 08:20:29',	'2018-06-04 15:13:48',	'2018-03-22 19:21:43'),
(650,	'DL-0650',	'2018-09-09 02:00:53',	'2018-07-18 13:52:54',	'2018-04-25 11:12:13',	'2018-03-22 19:21:43'),
(651,	'DL-0651',	'2018-02-20 09:28:21',	'2018-04-12 08:39:35',	'2018-07-08 21:55:39',	'2018-03-22 19:21:43'),
(652,	'DL-0652',	'2018-07-17 23:54:10',	'2018-05-09 03:56:58',	'2018-06-07 00:58:14',	'2018-03-22 19:21:43'),
(653,	'DL-0653',	'2018-12-30 06:08:53',	'2018-03-23 09:30:16',	'2018-12-19 21:06:04',	'2018-03-22 19:21:43'),
(654,	'DL-0654',	'2018-01-31 22:10:56',	'2018-10-17 02:54:32',	'2018-04-24 08:17:52',	'2018-03-22 19:21:43'),
(655,	'DL-0655',	'2018-09-15 13:27:48',	'2018-04-01 10:17:00',	'2018-11-25 10:11:42',	'2018-03-22 19:21:43'),
(656,	'DL-0656',	'2018-10-28 15:01:21',	'2018-08-04 20:15:37',	'2018-02-06 06:29:11',	'2018-03-22 19:21:43'),
(657,	'DL-0657',	'2018-09-23 19:07:42',	'2018-12-17 08:47:44',	'2018-10-26 15:47:00',	'2018-03-22 19:21:43'),
(658,	'DL-0658',	'2018-10-13 04:25:10',	'2018-08-13 15:27:11',	'2018-07-07 17:42:04',	'2018-03-22 19:21:43'),
(659,	'DL-0659',	'2018-06-01 16:20:43',	'2018-01-31 13:22:00',	'2018-08-21 10:50:21',	'2018-03-22 19:21:43'),
(660,	'DL-0660',	'2018-11-15 17:19:15',	'2018-11-21 05:00:01',	'2018-09-06 14:17:11',	'2018-03-22 19:21:43'),
(661,	'DL-0661',	'2018-12-09 14:37:09',	'2018-07-25 01:29:36',	'2018-11-02 02:58:58',	'2018-03-22 19:21:44'),
(662,	'DL-0662',	'2018-06-02 10:01:33',	'2018-04-14 12:49:31',	'2018-03-18 03:10:13',	'2018-03-22 19:21:44'),
(663,	'DL-0663',	'2018-11-03 12:15:09',	'2018-04-08 07:27:54',	'2018-02-05 06:55:08',	'2018-03-22 19:21:44'),
(664,	'DL-0664',	'2018-06-29 06:45:23',	'2018-02-15 00:44:51',	'2018-03-03 01:34:05',	'2018-03-22 19:21:44'),
(665,	'DL-0665',	'2018-09-16 17:12:01',	'2018-05-30 01:11:44',	'2018-08-10 10:32:04',	'2018-03-22 19:21:44'),
(666,	'DL-0666',	'2018-12-14 01:01:49',	'2018-04-05 05:27:06',	'2018-04-09 10:58:36',	'2018-03-22 19:21:44'),
(667,	'DL-0667',	'2018-07-28 01:36:24',	'2018-07-05 06:25:53',	'2018-04-28 17:31:18',	'2018-03-22 19:21:44'),
(668,	'DL-0668',	'2018-06-23 19:04:02',	'2018-01-28 02:17:34',	'2018-09-21 19:46:14',	'2018-03-22 19:21:44'),
(669,	'DL-0669',	'2018-01-17 20:25:58',	'2018-03-20 16:47:30',	'2018-09-02 14:57:57',	'2018-03-22 19:21:44'),
(670,	'DL-0670',	'2018-12-21 04:57:10',	'2018-11-13 20:51:35',	'2018-11-03 11:46:12',	'2018-03-22 19:21:44'),
(671,	'DL-0671',	'2018-08-23 11:12:26',	'2018-09-11 14:34:43',	'2018-07-21 09:48:43',	'2018-03-22 19:21:44'),
(672,	'DL-0672',	'2018-07-08 20:26:55',	'2018-01-14 22:36:31',	'2018-04-01 20:35:15',	'2018-03-22 19:21:44'),
(673,	'DL-0673',	'2018-05-15 15:16:32',	'2018-03-11 11:00:57',	'2018-01-21 07:13:56',	'2018-03-22 19:21:44'),
(674,	'DL-0674',	'2018-12-10 10:49:58',	'2018-12-14 11:43:27',	'2018-07-14 23:21:43',	'2018-03-22 19:21:44'),
(675,	'DL-0675',	'2018-05-09 09:50:12',	'2018-12-20 02:09:03',	'2018-12-25 03:54:14',	'2018-03-22 19:21:44'),
(676,	'DL-0676',	'2018-04-17 07:45:08',	'2018-10-25 08:03:56',	'2018-09-18 20:09:02',	'2018-03-22 19:21:44'),
(677,	'DL-0677',	'2018-10-21 15:57:45',	'2018-10-13 18:03:20',	'2018-06-20 03:35:45',	'2018-03-22 19:21:44'),
(678,	'DL-0678',	'2018-02-25 07:55:52',	'2018-12-25 08:54:46',	'2018-06-10 20:18:45',	'2018-03-22 19:21:44'),
(679,	'DL-0679',	'2018-11-26 23:33:36',	'2018-08-03 15:51:33',	'2018-12-23 07:49:33',	'2018-03-22 19:21:44'),
(680,	'DL-0680',	'2018-07-19 03:05:29',	'2018-10-22 10:53:40',	'2018-07-14 10:35:52',	'2018-03-22 19:21:45'),
(681,	'DL-0681',	'2018-01-14 12:00:31',	'2018-04-28 16:53:24',	'2018-08-20 04:20:34',	'2018-03-22 19:21:45'),
(682,	'DL-0682',	'2018-12-13 13:34:46',	'2018-09-18 11:50:00',	'2018-03-12 02:39:00',	'2018-03-22 19:21:45'),
(683,	'DL-0683',	'2018-10-15 12:14:18',	'2018-01-06 12:40:41',	'2018-03-08 05:10:46',	'2018-03-22 19:21:45'),
(684,	'DL-0684',	'2018-10-10 09:50:33',	'2018-07-15 23:58:32',	'2018-05-14 14:05:31',	'2018-03-22 19:21:45'),
(685,	'DL-0685',	'2018-03-31 12:57:13',	'2018-01-27 15:40:21',	'2018-12-02 04:53:03',	'2018-03-22 19:21:45'),
(686,	'DL-0686',	'2018-01-13 22:08:13',	'2018-01-20 15:55:54',	'2018-01-09 03:31:21',	'2018-03-22 19:21:45'),
(687,	'DL-0687',	'2018-06-11 08:13:32',	'2018-11-09 16:45:32',	'2018-06-20 03:52:26',	'2018-03-22 19:21:45'),
(688,	'DL-0688',	'2018-06-07 09:02:17',	'2018-10-30 19:09:35',	'2018-01-02 04:35:55',	'2018-03-22 19:21:45'),
(689,	'DL-0689',	'2018-05-25 07:42:49',	'2018-01-21 11:39:48',	'2018-12-09 02:35:30',	'2018-03-22 19:21:45'),
(690,	'DL-0690',	'2018-12-03 15:27:51',	'2018-03-30 11:06:21',	'2018-03-06 16:04:19',	'2018-03-22 19:21:45'),
(691,	'DL-0691',	'2018-11-11 13:02:21',	'2018-11-13 08:01:22',	'2018-06-17 19:19:55',	'2018-03-22 19:21:45'),
(692,	'DL-0692',	'2018-10-25 06:37:09',	'2018-08-10 18:52:55',	'2018-07-31 00:31:48',	'2018-03-22 19:21:45'),
(693,	'DL-0693',	'2018-12-16 20:18:48',	'2018-12-17 20:48:37',	'2018-06-21 11:20:37',	'2018-03-22 19:21:45'),
(694,	'DL-0694',	'2018-09-13 15:51:33',	'2018-05-14 11:32:56',	'2018-05-21 12:02:55',	'2018-03-22 19:21:45'),
(695,	'DL-0695',	'2018-03-31 19:29:58',	'2018-12-05 17:00:35',	'2018-06-20 06:07:32',	'2018-03-22 19:21:45'),
(696,	'DL-0696',	'2018-08-10 21:32:41',	'2018-10-03 05:10:56',	'2018-04-13 18:45:51',	'2018-03-22 19:21:45'),
(697,	'DL-0697',	'2018-11-14 19:09:39',	'2018-09-29 10:51:23',	'2018-01-04 14:44:41',	'2018-03-22 19:21:45'),
(698,	'DL-0698',	'2018-07-15 18:43:06',	'2018-01-13 10:03:23',	'2018-11-16 06:57:25',	'2018-03-22 19:21:46'),
(699,	'DL-0699',	'2018-09-23 09:09:06',	'2018-09-08 10:37:57',	'2018-07-26 17:32:55',	'2018-03-22 19:21:46'),
(700,	'DL-0700',	'2018-01-16 20:09:33',	'2018-03-28 04:55:26',	'2018-03-19 22:32:17',	'2018-03-22 19:21:46'),
(701,	'DL-0701',	'2018-05-01 05:05:20',	'2018-10-07 18:34:32',	'2018-01-24 07:08:40',	'2018-03-22 19:21:46'),
(702,	'DL-0702',	'2018-12-29 02:41:15',	'2018-02-28 01:23:19',	'2018-01-28 02:59:42',	'2018-03-22 19:21:46'),
(703,	'DL-0703',	'2018-08-24 05:07:14',	'2018-02-27 04:15:23',	'2018-10-18 01:09:03',	'2018-03-22 19:21:46'),
(704,	'DL-0704',	'2018-07-15 00:01:19',	'2018-08-07 01:04:28',	'2018-06-05 02:55:28',	'2018-03-22 19:21:46'),
(705,	'DL-0705',	'2018-01-12 04:59:39',	'2018-03-02 00:49:02',	'2018-10-25 03:36:55',	'2018-03-22 19:21:46'),
(706,	'DL-0706',	'2018-05-07 09:30:19',	'2018-10-06 03:59:21',	'2018-10-16 17:53:37',	'2018-03-22 19:21:46'),
(707,	'DL-0707',	'2018-01-02 22:53:51',	'2018-01-29 08:18:10',	'2018-05-23 19:47:45',	'2018-03-22 19:21:46'),
(708,	'DL-0708',	'2018-01-27 20:05:15',	'2018-05-08 06:55:44',	'2018-05-17 17:46:48',	'2018-03-22 19:21:46'),
(709,	'DL-0709',	'2018-01-28 20:52:11',	'2018-06-14 02:01:16',	'2018-04-06 09:42:05',	'2018-03-22 19:21:46'),
(710,	'DL-0710',	'2018-01-24 03:09:43',	'2018-08-14 20:59:29',	'2018-07-12 17:03:31',	'2018-03-22 19:21:46'),
(711,	'DL-0711',	'2018-10-12 22:50:14',	'2018-03-06 05:48:55',	'2018-03-12 22:33:09',	'2018-03-22 19:21:46'),
(712,	'DL-0712',	'2018-07-02 08:29:34',	'2018-06-20 00:34:40',	'2018-04-01 14:01:01',	'2018-03-22 19:21:46'),
(713,	'DL-0713',	'2018-02-18 06:40:16',	'2018-10-17 05:07:11',	'2018-06-22 13:52:04',	'2018-03-22 19:21:46'),
(714,	'DL-0714',	'2018-10-10 11:35:42',	'2018-01-05 03:43:17',	'2018-02-07 16:14:01',	'2018-03-22 19:21:46'),
(715,	'DL-0715',	'2018-10-24 21:34:55',	'2018-12-28 07:04:43',	'2018-08-22 10:36:22',	'2018-03-22 19:21:46'),
(716,	'DL-0716',	'2018-12-04 21:16:35',	'2018-09-07 19:05:06',	'2018-11-11 02:22:08',	'2018-03-22 19:21:46'),
(717,	'DL-0717',	'2018-10-03 16:05:40',	'2018-05-29 23:07:37',	'2018-10-05 18:22:58',	'2018-03-22 19:21:47'),
(718,	'DL-0718',	'2018-04-24 21:33:34',	'2018-12-28 10:53:10',	'2018-10-08 18:46:37',	'2018-03-22 19:21:47'),
(719,	'DL-0719',	'2018-04-06 08:27:57',	'2018-05-17 06:44:22',	'2018-09-17 13:09:09',	'2018-03-22 19:21:47'),
(720,	'DL-0720',	'2018-06-15 09:23:54',	'2018-07-22 10:04:12',	'2018-03-12 06:02:39',	'2018-03-22 19:21:47'),
(721,	'DL-0721',	'2018-10-31 15:34:07',	'2018-05-08 12:17:20',	'2018-01-27 13:46:08',	'2018-03-22 19:21:47'),
(722,	'DL-0722',	'2018-09-28 10:36:45',	'2018-04-10 14:59:49',	'2018-09-12 18:45:46',	'2018-03-22 19:21:47'),
(723,	'DL-0723',	'2018-10-22 16:59:08',	'2018-08-31 13:01:29',	'2018-09-08 15:12:05',	'2018-03-22 19:21:47'),
(724,	'DL-0724',	'2018-07-02 10:51:22',	'2018-01-25 17:44:31',	'2018-07-16 19:38:21',	'2018-03-22 19:21:47'),
(725,	'DL-0725',	'2018-11-19 20:54:49',	'2018-06-12 13:31:44',	'2018-06-10 06:42:02',	'2018-03-22 19:21:47'),
(726,	'DL-0726',	'2018-03-13 20:45:03',	'2018-03-22 00:05:23',	'2018-04-16 04:11:58',	'2018-03-22 19:21:47'),
(727,	'DL-0727',	'2018-11-16 02:14:44',	'2018-12-11 08:46:32',	'2018-02-22 15:06:37',	'2018-03-22 19:21:47'),
(728,	'DL-0728',	'2018-07-29 18:22:28',	'2018-08-06 23:40:31',	'2018-09-13 19:35:42',	'2018-03-22 19:21:47'),
(729,	'DL-0729',	'2018-11-22 16:46:07',	'2018-07-16 02:42:59',	'2018-03-04 05:22:06',	'2018-03-22 19:21:47'),
(730,	'DL-0730',	'2018-08-20 05:21:39',	'2018-02-19 05:59:40',	'2018-11-15 21:04:55',	'2018-03-22 19:21:47'),
(731,	'DL-0731',	'2018-05-25 19:37:32',	'2018-12-04 04:03:33',	'2018-11-10 06:57:01',	'2018-03-22 19:21:47'),
(732,	'DL-0732',	'2018-11-09 15:57:10',	'2018-10-22 14:16:34',	'2018-09-25 15:21:44',	'2018-03-22 19:21:47'),
(733,	'DL-0733',	'2018-01-26 21:13:18',	'2018-09-01 10:46:20',	'2018-05-07 18:18:05',	'2018-03-22 19:21:47'),
(734,	'DL-0734',	'2018-10-03 22:18:25',	'2018-09-11 06:31:02',	'2018-02-27 17:54:06',	'2018-03-22 19:21:47'),
(735,	'DL-0735',	'2018-10-08 09:45:17',	'2018-01-08 18:11:53',	'2018-06-23 18:03:15',	'2018-03-22 19:21:47'),
(736,	'DL-0736',	'2018-09-10 20:47:36',	'2018-09-22 07:03:19',	'2018-04-21 09:51:32',	'2018-03-22 19:21:47'),
(737,	'DL-0737',	'2018-06-03 15:25:32',	'2018-11-02 06:05:18',	'2018-01-02 04:25:56',	'2018-03-22 19:21:47'),
(738,	'DL-0738',	'2018-06-11 02:46:46',	'2018-03-02 04:39:06',	'2018-03-10 22:16:23',	'2018-03-22 19:21:47'),
(739,	'DL-0739',	'2018-05-09 21:09:03',	'2018-02-08 15:21:20',	'2018-09-26 02:59:47',	'2018-03-22 19:21:47'),
(740,	'DL-0740',	'2018-07-31 22:08:07',	'2018-04-10 09:26:14',	'2018-09-07 13:59:33',	'2018-03-22 19:21:48'),
(741,	'DL-0741',	'2018-10-26 07:50:54',	'2018-09-09 03:00:37',	'2018-12-11 21:40:31',	'2018-03-22 19:21:48'),
(742,	'DL-0742',	'2018-06-20 04:40:11',	'2018-06-27 03:22:42',	'2018-12-26 05:38:10',	'2018-03-22 19:21:48'),
(743,	'DL-0743',	'2018-03-21 16:12:38',	'2018-11-12 02:15:35',	'2018-06-07 04:56:03',	'2018-03-22 19:21:48'),
(744,	'DL-0744',	'2018-11-24 08:15:51',	'2018-09-02 15:14:38',	'2018-08-20 16:19:43',	'2018-03-22 19:21:48'),
(745,	'DL-0745',	'2018-07-31 15:29:02',	'2018-06-25 09:05:07',	'2018-09-03 18:15:51',	'2018-03-22 19:21:48'),
(746,	'DL-0746',	'2018-01-16 10:42:00',	'2018-12-16 18:37:16',	'2018-01-15 15:05:59',	'2018-03-22 19:21:48'),
(747,	'DL-0747',	'2018-01-24 12:09:44',	'2018-09-01 09:19:37',	'2018-03-13 02:39:30',	'2018-03-22 19:21:48'),
(748,	'DL-0748',	'2018-01-20 02:47:43',	'2018-11-19 13:09:09',	'2018-02-28 15:25:41',	'2018-03-22 19:21:48'),
(749,	'DL-0749',	'2018-10-30 21:42:38',	'2018-03-23 00:03:37',	'2018-09-08 05:12:16',	'2018-03-22 19:21:48'),
(750,	'DL-0750',	'2018-11-21 17:03:37',	'2018-12-15 00:48:41',	'2018-06-11 15:34:55',	'2018-03-22 19:21:48'),
(751,	'DL-0751',	'2018-09-29 02:09:54',	'2018-09-18 21:17:12',	'2018-11-15 21:43:05',	'2018-03-22 19:21:48'),
(752,	'DL-0752',	'2018-01-24 16:12:46',	'2018-03-04 23:53:35',	'2018-02-09 13:53:40',	'2018-03-22 19:21:48'),
(753,	'DL-0753',	'2018-05-09 22:20:27',	'2018-11-15 10:33:31',	'2018-02-18 15:29:30',	'2018-03-22 19:21:48'),
(754,	'DL-0754',	'2018-07-29 10:54:50',	'2018-05-02 09:48:52',	'2018-10-13 22:44:30',	'2018-03-22 19:21:48'),
(755,	'DL-0755',	'2018-03-18 23:18:19',	'2018-07-31 14:16:26',	'2018-02-10 03:08:36',	'2018-03-22 19:21:48'),
(756,	'DL-0756',	'2018-04-24 10:15:45',	'2018-03-19 21:34:36',	'2018-07-30 17:12:47',	'2018-03-22 19:21:48'),
(757,	'DL-0757',	'2018-07-08 15:49:52',	'2018-05-24 14:43:15',	'2018-05-18 23:55:55',	'2018-03-22 19:21:48'),
(758,	'DL-0758',	'2018-08-04 00:26:54',	'2018-03-26 08:56:35',	'2018-04-11 00:13:33',	'2018-03-22 19:21:48'),
(759,	'DL-0759',	'2018-03-29 07:33:00',	'2018-04-03 04:41:57',	'2018-02-04 05:09:14',	'2018-03-22 19:21:48'),
(760,	'DL-0760',	'2018-05-10 14:10:49',	'2018-12-17 00:17:02',	'2018-09-20 19:27:51',	'2018-03-22 19:21:48'),
(761,	'DL-0761',	'2018-11-06 04:24:03',	'2018-08-09 05:25:45',	'2018-06-13 16:14:00',	'2018-03-22 19:21:48'),
(762,	'DL-0762',	'2018-05-27 15:04:06',	'2018-12-12 13:20:53',	'2018-09-21 21:11:40',	'2018-03-22 19:21:49'),
(763,	'DL-0763',	'2018-08-02 22:08:43',	'2018-10-06 10:24:57',	'2018-10-07 00:08:03',	'2018-03-22 19:21:49'),
(764,	'DL-0764',	'2018-09-22 17:43:35',	'2018-03-10 08:49:43',	'2018-11-11 13:19:29',	'2018-03-22 19:21:49'),
(765,	'DL-0765',	'2018-09-03 02:37:11',	'2018-03-29 00:37:22',	'2018-02-26 13:17:25',	'2018-03-22 19:21:49'),
(766,	'DL-0766',	'2018-01-18 22:35:33',	'2018-07-03 13:15:01',	'2018-01-03 13:36:30',	'2018-03-22 19:21:49'),
(767,	'DL-0767',	'2018-03-07 11:12:16',	'2018-03-02 13:17:25',	'2018-03-16 01:02:41',	'2018-03-22 19:21:49'),
(768,	'DL-0768',	'2018-03-07 07:59:07',	'2018-02-27 10:14:55',	'2018-09-15 08:38:53',	'2018-03-22 19:21:49'),
(769,	'DL-0769',	'2018-06-04 03:42:20',	'2018-07-09 22:13:53',	'2018-07-13 04:28:35',	'2018-03-22 19:21:49'),
(770,	'DL-0770',	'2018-08-31 08:47:10',	'2018-07-27 08:43:48',	'2018-12-01 21:08:53',	'2018-03-22 19:21:49'),
(771,	'DL-0771',	'2018-04-01 04:01:10',	'2018-02-24 05:37:19',	'2018-04-10 00:07:33',	'2018-03-22 19:21:49'),
(772,	'DL-0772',	'2018-08-17 06:41:42',	'2018-11-12 18:39:58',	'2018-11-17 00:56:11',	'2018-03-22 19:21:49'),
(773,	'DL-0773',	'2018-05-11 20:36:05',	'2018-08-17 19:49:28',	'2018-06-19 10:54:12',	'2018-03-22 19:21:49'),
(774,	'DL-0774',	'2018-02-17 23:37:31',	'2018-12-05 00:07:53',	'2018-03-04 13:25:52',	'2018-03-22 19:21:49'),
(775,	'DL-0775',	'2018-09-24 09:47:30',	'2018-08-18 18:26:09',	'2018-08-08 23:40:23',	'2018-03-22 19:21:49'),
(776,	'DL-0776',	'2018-06-21 22:45:56',	'2018-12-04 09:09:04',	'2018-02-13 02:43:30',	'2018-03-22 19:21:49'),
(777,	'DL-0777',	'2018-05-06 05:32:58',	'2018-04-10 03:23:43',	'2018-03-25 09:45:37',	'2018-03-22 19:21:49'),
(778,	'DL-0778',	'2018-05-19 01:51:58',	'2018-03-25 18:52:11',	'2018-01-07 08:15:24',	'2018-03-22 19:21:49'),
(779,	'DL-0779',	'2018-06-22 19:05:00',	'2018-02-24 15:11:31',	'2018-02-09 21:54:34',	'2018-03-22 19:21:49'),
(780,	'DL-0780',	'2018-02-19 22:09:00',	'2018-05-24 01:13:09',	'2018-09-03 04:55:06',	'2018-03-22 19:21:50'),
(781,	'DL-0781',	'2018-12-14 22:12:46',	'2018-07-14 21:58:27',	'2018-12-12 01:49:46',	'2018-03-22 19:21:50'),
(782,	'DL-0782',	'2018-01-11 13:51:07',	'2018-04-12 19:23:35',	'2018-04-23 22:18:14',	'2018-03-22 19:21:50'),
(783,	'DL-0783',	'2018-12-18 19:21:11',	'2018-10-30 19:02:29',	'2018-02-24 18:38:02',	'2018-03-22 19:21:50'),
(784,	'DL-0784',	'2018-08-11 10:20:42',	'2018-08-16 09:08:26',	'2018-08-02 15:10:02',	'2018-03-22 19:21:50'),
(785,	'DL-0785',	'2018-08-26 03:41:43',	'2018-10-17 09:19:48',	'2018-11-08 01:02:05',	'2018-03-22 19:21:50'),
(786,	'DL-0786',	'2018-03-26 09:06:53',	'2018-05-26 20:32:44',	'2018-03-25 18:05:20',	'2018-03-22 19:21:50'),
(787,	'DL-0787',	'2018-06-06 09:43:22',	'2018-09-23 05:05:20',	'2018-05-19 13:59:45',	'2018-03-22 19:21:50'),
(788,	'DL-0788',	'2018-04-08 10:54:35',	'2018-09-05 09:03:55',	'2018-10-30 10:21:56',	'2018-03-22 19:21:50'),
(789,	'DL-0789',	'2018-09-25 06:00:21',	'2018-08-11 11:58:55',	'2018-05-28 03:09:58',	'2018-03-22 19:21:50'),
(790,	'DL-0790',	'2018-05-16 22:34:46',	'2018-03-22 07:42:56',	'2018-01-04 14:23:44',	'2018-03-22 19:21:50'),
(791,	'DL-0791',	'2018-11-18 16:43:05',	'2018-09-13 20:49:37',	'2018-11-24 16:08:27',	'2018-03-22 19:21:50'),
(792,	'DL-0792',	'2018-04-21 23:42:22',	'2018-03-28 18:52:27',	'2018-01-26 15:46:41',	'2018-03-22 19:21:50'),
(793,	'DL-0793',	'2018-05-07 16:40:42',	'2018-07-02 18:21:13',	'2018-10-03 07:49:39',	'2018-03-22 19:21:50'),
(794,	'DL-0794',	'2018-05-29 12:36:15',	'2018-04-16 23:00:18',	'2018-12-26 07:18:11',	'2018-03-22 19:21:50'),
(795,	'DL-0795',	'2018-07-17 11:57:32',	'2018-12-10 22:46:24',	'2018-05-23 22:56:39',	'2018-03-22 19:21:51'),
(796,	'DL-0796',	'2018-06-08 12:41:40',	'2018-04-05 04:20:33',	'2018-08-15 19:38:16',	'2018-03-22 19:21:51'),
(797,	'DL-0797',	'2018-12-18 15:02:39',	'2018-01-03 18:54:05',	'2018-05-23 02:45:55',	'2018-03-22 19:21:51'),
(798,	'DL-0798',	'2018-09-16 17:19:50',	'2018-11-24 01:11:12',	'2018-06-15 02:11:13',	'2018-03-22 19:21:51'),
(799,	'DL-0799',	'2018-07-04 09:25:22',	'2018-05-19 13:53:13',	'2018-10-23 03:50:39',	'2018-03-22 19:21:51'),
(800,	'DL-0800',	'2018-10-20 17:57:56',	'2018-04-22 12:26:54',	'2018-03-23 03:58:00',	'2018-03-22 19:21:51'),
(801,	'DL-0801',	'2018-07-11 14:45:21',	'2018-08-05 11:32:15',	'2018-03-08 01:38:58',	'2018-03-22 19:21:51'),
(802,	'DL-0802',	'2018-10-26 19:31:42',	'2018-10-29 05:40:25',	'2018-10-23 10:46:09',	'2018-03-22 19:21:51'),
(803,	'DL-0803',	'2018-12-01 03:54:08',	'2018-02-14 14:12:17',	'2018-04-22 21:00:00',	'2018-03-22 19:21:51'),
(804,	'DL-0804',	'2018-07-05 07:03:08',	'2018-06-14 22:20:25',	'2018-03-28 01:48:54',	'2018-03-22 19:21:51'),
(805,	'DL-0805',	'2018-10-07 16:52:30',	'2018-10-06 03:36:33',	'2018-01-06 11:52:19',	'2018-03-22 19:21:51'),
(806,	'DL-0806',	'2018-11-23 17:59:46',	'2018-07-27 13:33:17',	'2018-02-12 02:55:14',	'2018-03-22 19:21:51'),
(807,	'DL-0807',	'2018-08-08 02:47:05',	'2018-01-01 12:37:12',	'2018-07-25 18:15:14',	'2018-03-22 19:21:51'),
(808,	'DL-0808',	'2018-02-21 08:15:53',	'2018-07-30 20:45:40',	'2018-03-30 18:37:20',	'2018-03-22 19:21:51'),
(809,	'DL-0809',	'2018-12-04 21:44:07',	'2018-07-15 21:41:34',	'2018-04-30 03:50:12',	'2018-03-22 19:21:51'),
(810,	'DL-0810',	'2018-12-15 11:29:58',	'2018-03-27 20:30:56',	'2018-08-10 18:59:31',	'2018-03-22 19:21:51'),
(811,	'DL-0811',	'2018-06-08 11:43:50',	'2018-11-15 11:28:24',	'2018-06-24 17:35:38',	'2018-03-22 19:21:51'),
(812,	'DL-0812',	'2018-03-11 00:58:47',	'2018-09-22 11:10:38',	'2018-09-28 18:25:24',	'2018-03-22 19:21:51'),
(813,	'DL-0813',	'2018-05-10 00:46:19',	'2018-01-16 09:39:51',	'2018-03-10 18:44:23',	'2018-03-22 19:21:51'),
(814,	'DL-0814',	'2018-02-02 04:30:32',	'2018-11-28 02:44:54',	'2018-07-10 18:44:24',	'2018-03-22 19:21:51'),
(815,	'DL-0815',	'2018-04-17 01:03:50',	'2018-06-08 07:56:01',	'2018-04-03 23:23:47',	'2018-03-22 19:21:51'),
(816,	'DL-0816',	'2018-04-08 18:17:06',	'2018-02-27 21:33:10',	'2018-03-22 20:06:42',	'2018-03-22 19:21:51'),
(817,	'DL-0817',	'2018-10-10 00:07:11',	'2018-10-04 07:13:11',	'2018-03-30 18:12:43',	'2018-03-22 19:21:52'),
(818,	'DL-0818',	'2018-04-20 02:16:26',	'2018-11-26 20:27:28',	'2018-12-18 17:21:55',	'2018-03-22 19:21:52'),
(819,	'DL-0819',	'2018-04-23 02:38:52',	'2018-04-26 07:46:18',	'2018-04-22 14:39:24',	'2018-03-22 19:21:52'),
(820,	'DL-0820',	'2018-02-19 07:38:35',	'2018-10-03 07:36:00',	'2018-09-13 17:49:54',	'2018-03-22 19:21:52'),
(821,	'DL-0821',	'2018-08-07 08:54:12',	'2018-02-18 06:16:37',	'2018-08-13 02:35:54',	'2018-03-22 19:21:52'),
(822,	'DL-0822',	'2018-10-15 11:04:11',	'2018-10-23 13:14:17',	'2018-10-12 07:01:15',	'2018-03-22 19:21:52'),
(823,	'DL-0823',	'2018-03-22 19:49:20',	'2018-06-07 17:33:18',	'2018-03-20 21:51:26',	'2018-03-22 19:21:52'),
(824,	'DL-0824',	'2018-03-06 08:56:16',	'2018-11-25 23:54:20',	'2018-10-03 08:55:42',	'2018-03-22 19:21:52'),
(825,	'DL-0825',	'2018-03-14 12:42:48',	'2018-03-18 10:53:56',	'2018-06-09 01:09:50',	'2018-03-22 19:21:52'),
(826,	'DL-0826',	'2018-03-01 18:34:03',	'2018-10-02 17:08:27',	'2018-10-11 07:17:48',	'2018-03-22 19:21:52'),
(827,	'DL-0827',	'2018-11-02 22:46:27',	'2018-02-09 07:11:14',	'2018-08-16 03:37:35',	'2018-03-22 19:21:52'),
(828,	'DL-0828',	'2018-04-08 07:57:53',	'2018-09-22 11:13:57',	'2018-06-13 17:52:31',	'2018-03-22 19:21:52'),
(829,	'DL-0829',	'2018-05-09 02:55:39',	'2018-04-04 00:09:38',	'2018-10-19 09:33:55',	'2018-03-22 19:21:52'),
(830,	'DL-0830',	'2018-10-07 07:49:01',	'2018-04-18 17:52:26',	'2018-05-28 15:51:57',	'2018-03-22 19:21:52'),
(831,	'DL-0831',	'2018-01-19 11:40:33',	'2018-06-30 16:05:27',	'2018-02-04 06:16:46',	'2018-03-22 19:21:52'),
(832,	'DL-0832',	'2018-05-06 05:39:23',	'2018-10-20 15:57:19',	'2018-09-22 04:27:51',	'2018-03-22 19:21:52'),
(833,	'DL-0833',	'2018-11-17 11:26:05',	'2018-03-29 08:07:38',	'2018-06-01 19:13:36',	'2018-03-22 19:21:52'),
(834,	'DL-0834',	'2018-07-13 00:04:52',	'2018-08-02 07:22:18',	'2018-10-04 18:49:58',	'2018-03-22 19:21:53'),
(835,	'DL-0835',	'2018-08-11 17:46:36',	'2018-03-27 14:43:48',	'2018-09-06 03:56:52',	'2018-03-22 19:21:53'),
(836,	'DL-0836',	'2018-08-16 00:51:50',	'2018-03-22 12:43:18',	'2018-05-18 05:28:36',	'2018-03-22 19:21:53'),
(837,	'DL-0837',	'2018-09-01 11:48:44',	'2018-01-02 19:15:31',	'2018-04-02 04:12:28',	'2018-03-22 19:21:53'),
(838,	'DL-0838',	'2018-01-11 10:52:07',	'2018-03-09 14:00:03',	'2018-08-21 04:13:09',	'2018-03-22 19:21:53'),
(839,	'DL-0839',	'2018-07-22 05:26:02',	'2018-08-16 07:12:00',	'2018-01-29 09:03:44',	'2018-03-22 19:21:53'),
(840,	'DL-0840',	'2018-05-12 05:37:40',	'2018-08-01 11:07:56',	'2018-12-02 08:26:40',	'2018-03-22 19:21:53'),
(841,	'DL-0841',	'2018-03-24 13:50:01',	'2018-02-24 10:30:11',	'2018-06-30 02:21:58',	'2018-03-22 19:21:53'),
(842,	'DL-0842',	'2018-04-05 01:24:17',	'2018-08-10 22:45:34',	'2018-11-07 13:12:54',	'2018-03-22 19:21:53'),
(843,	'DL-0843',	'2018-02-16 14:27:13',	'2018-01-18 08:06:15',	'2018-12-18 23:59:34',	'2018-03-22 19:21:53'),
(844,	'DL-0844',	'2018-05-01 12:07:12',	'2018-09-14 23:54:14',	'2018-05-28 00:20:09',	'2018-03-22 19:21:53'),
(845,	'DL-0845',	'2018-11-26 07:52:25',	'2018-11-30 02:13:26',	'2018-08-27 19:00:12',	'2018-03-22 19:21:53'),
(846,	'DL-0846',	'2018-06-12 14:33:42',	'2018-07-25 10:22:28',	'2018-08-26 08:05:51',	'2018-03-22 19:21:53'),
(847,	'DL-0847',	'2018-12-15 20:35:15',	'2018-03-20 19:29:19',	'2018-05-20 14:20:38',	'2018-03-22 19:21:53'),
(848,	'DL-0848',	'2018-12-16 00:22:48',	'2018-10-02 10:16:42',	'2018-04-01 16:43:13',	'2018-03-22 19:21:53'),
(849,	'DL-0849',	'2018-12-18 12:39:53',	'2018-09-13 14:05:41',	'2018-01-25 02:14:53',	'2018-03-22 19:21:53'),
(850,	'DL-0850',	'2018-06-14 09:35:28',	'2018-01-19 11:34:43',	'2018-03-04 08:48:58',	'2018-03-22 19:21:53'),
(851,	'DL-0851',	'2018-07-15 20:19:39',	'2018-05-19 04:51:26',	'2018-03-02 13:46:32',	'2018-03-22 19:21:53'),
(852,	'DL-0852',	'2018-03-23 09:02:59',	'2018-01-29 00:51:14',	'2018-08-31 05:42:33',	'2018-03-22 19:21:53'),
(853,	'DL-0853',	'2018-04-01 23:38:02',	'2018-12-09 09:37:48',	'2018-02-08 00:29:59',	'2018-03-22 19:21:54'),
(854,	'DL-0854',	'2018-06-17 04:31:58',	'2018-02-23 10:59:27',	'2018-11-18 14:03:18',	'2018-03-22 19:21:54'),
(855,	'DL-0855',	'2018-05-24 11:39:22',	'2018-10-28 08:48:15',	'2018-01-15 22:40:35',	'2018-03-22 19:21:54'),
(856,	'DL-0856',	'2018-08-19 23:30:36',	'2018-07-08 01:45:07',	'2018-06-06 17:51:32',	'2018-03-22 19:21:54'),
(857,	'DL-0857',	'2018-11-29 00:50:21',	'2018-01-30 11:00:46',	'2018-09-27 17:30:44',	'2018-03-22 19:21:54'),
(858,	'DL-0858',	'2018-04-06 00:31:54',	'2018-04-17 01:07:21',	'2018-02-02 15:55:16',	'2018-03-22 19:21:54'),
(859,	'DL-0859',	'2018-09-08 22:47:05',	'2018-05-20 14:03:07',	'2018-08-06 09:28:09',	'2018-03-22 19:21:54'),
(860,	'DL-0860',	'2018-06-20 08:59:41',	'2018-10-07 05:43:05',	'2018-01-27 14:16:37',	'2018-03-22 19:21:54'),
(861,	'DL-0861',	'2018-11-20 16:27:54',	'2018-04-21 17:37:45',	'2018-12-21 19:06:59',	'2018-03-22 19:21:54'),
(862,	'DL-0862',	'2018-04-18 21:21:03',	'2018-07-15 06:47:02',	'2018-11-18 05:33:29',	'2018-03-22 19:21:54'),
(863,	'DL-0863',	'2018-09-18 01:37:15',	'2018-06-04 11:47:15',	'2018-12-10 20:55:26',	'2018-03-22 19:21:54'),
(864,	'DL-0864',	'2018-08-04 10:39:58',	'2018-09-23 09:00:03',	'2018-12-06 09:30:31',	'2018-03-22 19:21:54'),
(865,	'DL-0865',	'2018-05-11 04:22:10',	'2018-07-30 08:01:39',	'2018-10-25 03:23:38',	'2018-03-22 19:21:54'),
(866,	'DL-0866',	'2018-08-06 06:52:06',	'2018-11-21 22:02:45',	'2018-04-14 14:42:52',	'2018-03-22 19:21:54'),
(867,	'DL-0867',	'2018-06-05 23:00:24',	'2018-07-03 00:19:55',	'2018-04-22 22:19:59',	'2018-03-22 19:21:54'),
(868,	'DL-0868',	'2018-12-22 18:39:53',	'2018-02-11 04:17:20',	'2018-10-09 12:11:30',	'2018-03-22 19:21:54'),
(869,	'DL-0869',	'2018-10-03 07:48:36',	'2018-08-24 06:30:09',	'2018-12-28 05:02:59',	'2018-03-22 19:21:54'),
(870,	'DL-0870',	'2018-05-29 23:07:59',	'2018-03-07 16:48:51',	'2018-10-06 15:45:25',	'2018-03-22 19:21:54'),
(871,	'DL-0871',	'2018-06-05 02:58:45',	'2018-09-23 03:49:22',	'2018-10-23 01:56:18',	'2018-03-22 19:21:55'),
(872,	'DL-0872',	'2018-01-26 16:55:16',	'2018-11-23 15:00:40',	'2018-08-17 03:23:31',	'2018-03-22 19:21:55'),
(873,	'DL-0873',	'2018-07-13 00:56:28',	'2018-12-25 16:09:35',	'2018-10-13 16:08:53',	'2018-03-22 19:21:55'),
(874,	'DL-0874',	'2018-09-12 17:55:18',	'2018-09-11 12:16:31',	'2018-06-22 22:18:26',	'2018-03-22 19:21:55'),
(875,	'DL-0875',	'2018-05-09 09:40:57',	'2018-10-09 07:39:09',	'2018-05-22 16:19:26',	'2018-03-22 19:21:55'),
(876,	'DL-0876',	'2018-09-03 08:10:07',	'2018-05-29 06:02:48',	'2018-09-16 03:04:42',	'2018-03-22 19:21:55'),
(877,	'DL-0877',	'2018-09-15 17:13:00',	'2018-08-31 23:26:41',	'2018-11-07 10:11:43',	'2018-03-22 19:21:55'),
(878,	'DL-0878',	'2018-03-27 13:36:30',	'2018-09-20 00:05:44',	'2018-02-24 08:51:06',	'2018-03-22 19:21:55'),
(879,	'DL-0879',	'2018-10-26 00:34:30',	'2018-02-05 16:44:24',	'2018-06-20 02:33:58',	'2018-03-22 19:21:55'),
(880,	'DL-0880',	'2018-06-15 10:18:53',	'2018-07-06 01:24:16',	'2018-08-31 20:26:39',	'2018-03-22 19:21:55'),
(881,	'DL-0881',	'2018-06-30 08:49:33',	'2018-05-08 14:22:34',	'2018-03-31 18:41:21',	'2018-03-22 19:21:55'),
(882,	'DL-0882',	'2018-04-05 14:31:56',	'2018-02-10 06:30:33',	'2018-06-06 10:01:32',	'2018-03-22 19:21:55'),
(883,	'DL-0883',	'2018-01-21 22:18:52',	'2018-03-23 09:18:36',	'2018-09-01 01:24:00',	'2018-03-22 19:21:55'),
(884,	'DL-0884',	'2018-07-10 09:31:34',	'2018-12-11 04:31:17',	'2018-01-22 21:31:50',	'2018-03-22 19:21:55'),
(885,	'DL-0885',	'2018-08-05 02:10:45',	'2018-04-02 12:23:47',	'2018-12-30 20:31:30',	'2018-03-22 19:21:55'),
(886,	'DL-0886',	'2018-06-14 23:16:18',	'2018-07-07 17:07:04',	'2018-12-27 01:55:45',	'2018-03-22 19:21:55'),
(887,	'DL-0887',	'2018-02-19 23:33:18',	'2018-04-06 05:01:42',	'2018-09-20 05:50:47',	'2018-03-22 19:21:55'),
(888,	'DL-0888',	'2018-02-06 05:55:12',	'2018-10-09 05:35:19',	'2018-08-19 21:34:18',	'2018-03-22 19:21:55'),
(889,	'DL-0889',	'2018-03-25 19:39:47',	'2018-07-19 01:57:52',	'2018-12-15 15:07:16',	'2018-03-22 19:21:55'),
(890,	'DL-0890',	'2018-08-26 17:47:57',	'2018-12-30 00:02:34',	'2018-10-12 11:18:44',	'2018-03-22 19:21:55'),
(891,	'DL-0891',	'2018-03-10 01:16:46',	'2018-03-24 18:41:25',	'2018-10-03 20:44:19',	'2018-03-22 19:21:56'),
(892,	'DL-0892',	'2018-02-27 12:07:53',	'2018-02-22 10:30:05',	'2018-06-05 12:04:50',	'2018-03-22 19:21:56'),
(893,	'DL-0893',	'2018-10-23 03:05:45',	'2018-01-29 22:08:05',	'2018-07-22 04:49:49',	'2018-03-22 19:21:56'),
(894,	'DL-0894',	'2018-05-15 02:22:37',	'2018-10-28 13:07:05',	'2018-06-29 14:40:24',	'2018-03-22 19:21:56'),
(895,	'DL-0895',	'2018-02-05 06:25:20',	'2018-01-16 11:40:15',	'2018-05-27 00:33:05',	'2018-03-22 19:21:56'),
(896,	'DL-0896',	'2018-12-12 21:00:56',	'2018-03-13 23:35:10',	'2018-12-11 05:18:50',	'2018-03-22 19:21:56'),
(897,	'DL-0897',	'2018-07-22 12:16:37',	'2018-01-23 05:14:12',	'2018-05-06 07:19:55',	'2018-03-22 19:21:56'),
(898,	'DL-0898',	'2018-12-28 17:10:59',	'2018-08-21 07:33:54',	'2018-05-21 15:31:17',	'2018-03-22 19:21:56'),
(899,	'DL-0899',	'2018-03-21 17:36:32',	'2018-05-13 09:48:51',	'2018-09-13 10:37:42',	'2018-03-22 19:21:56'),
(900,	'DL-0900',	'2018-11-24 05:21:17',	'2018-04-28 15:33:39',	'2018-08-15 20:16:36',	'2018-03-22 19:21:56'),
(901,	'DL-0901',	'2018-05-23 02:57:52',	'2018-08-29 18:17:37',	'2018-06-20 18:25:33',	'2018-03-22 19:21:56'),
(902,	'DL-0902',	'2018-03-11 10:26:36',	'2018-05-28 13:29:23',	'2018-11-04 11:11:53',	'2018-03-22 19:21:56'),
(903,	'DL-0903',	'2018-02-21 05:59:13',	'2018-06-15 15:42:33',	'2018-05-04 19:25:27',	'2018-03-22 19:21:56'),
(904,	'DL-0904',	'2018-07-09 21:34:05',	'2018-01-10 17:36:49',	'2018-04-02 06:01:09',	'2018-03-22 19:21:56'),
(905,	'DL-0905',	'2018-07-26 02:39:52',	'2018-03-30 19:34:27',	'2018-10-29 16:32:17',	'2018-03-22 19:21:56'),
(906,	'DL-0906',	'2018-12-03 20:18:41',	'2018-01-13 16:15:34',	'2018-01-22 08:53:06',	'2018-03-22 19:21:56'),
(907,	'DL-0907',	'2018-01-07 11:30:52',	'2018-08-16 10:13:37',	'2018-08-11 17:08:23',	'2018-03-22 19:21:56'),
(908,	'DL-0908',	'2018-08-09 05:44:20',	'2018-07-27 04:05:42',	'2018-03-20 07:55:34',	'2018-03-22 19:21:56'),
(909,	'DL-0909',	'2018-02-22 18:44:35',	'2018-10-26 19:43:42',	'2018-06-13 04:31:32',	'2018-03-22 19:21:56'),
(910,	'DL-0910',	'2018-09-21 05:41:12',	'2018-07-18 05:38:01',	'2018-03-16 00:28:02',	'2018-03-22 19:21:56'),
(911,	'DL-0911',	'2018-12-06 17:45:49',	'2018-07-04 06:57:56',	'2018-09-27 01:03:03',	'2018-03-22 19:21:56'),
(912,	'DL-0912',	'2018-03-01 22:49:19',	'2018-04-28 21:26:39',	'2018-11-12 09:25:14',	'2018-03-22 19:21:57'),
(913,	'DL-0913',	'2018-10-08 14:06:39',	'2018-08-21 04:10:40',	'2018-07-04 13:43:51',	'2018-03-22 19:21:57'),
(914,	'DL-0914',	'2018-12-22 07:13:51',	'2018-02-18 18:43:11',	'2018-07-09 05:17:35',	'2018-03-22 19:21:57'),
(915,	'DL-0915',	'2018-03-31 03:28:08',	'2018-03-15 06:54:33',	'2018-12-16 11:38:46',	'2018-03-22 19:21:57'),
(916,	'DL-0916',	'2018-02-28 06:19:57',	'2018-06-16 16:08:33',	'2018-06-10 06:06:45',	'2018-03-22 19:21:57'),
(917,	'DL-0917',	'2018-09-27 03:56:33',	'2018-06-26 21:16:15',	'2018-09-23 15:23:23',	'2018-03-22 19:21:57'),
(918,	'DL-0918',	'2018-07-03 11:45:37',	'2018-06-09 13:31:15',	'2018-07-14 10:01:20',	'2018-03-22 19:21:57'),
(919,	'DL-0919',	'2018-02-22 13:08:53',	'2018-06-15 23:53:00',	'2018-02-24 13:58:13',	'2018-03-22 19:21:57'),
(920,	'DL-0920',	'2018-08-19 12:41:34',	'2018-11-24 11:14:24',	'2018-12-21 01:36:53',	'2018-03-22 19:21:57'),
(921,	'DL-0921',	'2018-02-12 11:57:05',	'2018-08-04 23:12:33',	'2018-04-01 17:49:26',	'2018-03-22 19:21:57'),
(922,	'DL-0922',	'2018-11-22 17:30:03',	'2018-09-22 07:39:21',	'2018-09-19 01:44:46',	'2018-03-22 19:21:57'),
(923,	'DL-0923',	'2018-02-07 04:31:26',	'2018-01-03 01:29:25',	'2018-01-15 23:55:41',	'2018-03-22 19:21:57'),
(924,	'DL-0924',	'2018-05-05 16:46:57',	'2018-01-22 04:22:31',	'2018-05-07 12:01:23',	'2018-03-22 19:21:57'),
(925,	'DL-0925',	'2018-01-30 16:16:27',	'2018-06-07 05:36:59',	'2018-08-13 04:53:14',	'2018-03-22 19:21:57'),
(926,	'DL-0926',	'2018-05-13 18:37:30',	'2018-11-05 23:09:46',	'2018-07-10 15:36:08',	'2018-03-22 19:21:58'),
(927,	'DL-0927',	'2018-09-16 12:48:28',	'2018-08-11 10:24:09',	'2018-09-04 10:30:55',	'2018-03-22 19:21:58'),
(928,	'DL-0928',	'2018-01-07 12:30:01',	'2018-04-09 16:40:07',	'2018-12-14 11:12:58',	'2018-03-22 19:21:58'),
(929,	'DL-0929',	'2018-11-07 10:07:43',	'2018-04-21 23:14:33',	'2018-05-02 19:22:27',	'2018-03-22 19:21:58'),
(930,	'DL-0930',	'2018-05-13 10:06:17',	'2018-08-15 13:22:38',	'2018-02-24 01:42:40',	'2018-03-22 19:21:58'),
(931,	'DL-0931',	'2018-12-05 17:57:26',	'2018-06-18 03:39:38',	'2018-08-25 01:20:34',	'2018-03-22 19:21:58'),
(932,	'DL-0932',	'2018-08-08 06:44:51',	'2018-02-06 02:59:14',	'2018-03-08 12:08:12',	'2018-03-22 19:21:58'),
(933,	'DL-0933',	'2018-12-09 22:26:46',	'2018-11-07 13:59:55',	'2018-04-10 14:43:31',	'2018-03-22 19:21:58'),
(934,	'DL-0934',	'2018-11-10 00:17:28',	'2018-05-26 01:59:07',	'2018-01-23 00:49:21',	'2018-03-22 19:21:58'),
(935,	'DL-0935',	'2018-09-29 10:36:26',	'2018-12-24 14:04:35',	'2018-05-14 22:43:24',	'2018-03-22 19:21:58'),
(936,	'DL-0936',	'2018-11-03 01:42:20',	'2018-02-28 19:21:50',	'2018-09-20 14:12:33',	'2018-03-22 19:21:58'),
(937,	'DL-0937',	'2018-05-31 09:43:23',	'2018-06-19 00:36:02',	'2018-06-10 11:02:14',	'2018-03-22 19:21:58'),
(938,	'DL-0938',	'2018-11-30 16:10:40',	'2018-02-08 22:26:02',	'2018-04-14 22:27:32',	'2018-03-22 19:21:58'),
(939,	'DL-0939',	'2018-01-01 15:00:38',	'2018-06-02 13:42:58',	'2018-11-10 05:09:15',	'2018-03-22 19:21:58'),
(940,	'DL-0940',	'2018-01-10 22:21:21',	'2018-04-07 10:17:47',	'2018-09-22 05:37:37',	'2018-03-22 19:21:58'),
(941,	'DL-0941',	'2018-03-08 13:26:04',	'2018-05-01 05:49:27',	'2018-11-04 17:13:22',	'2018-03-22 19:21:58'),
(942,	'DL-0942',	'2018-03-04 10:35:59',	'2018-10-10 04:15:13',	'2018-07-20 22:35:14',	'2018-03-22 19:21:59'),
(943,	'DL-0943',	'2018-12-14 15:20:03',	'2018-01-03 11:44:14',	'2018-07-01 03:37:01',	'2018-03-22 19:21:59'),
(944,	'DL-0944',	'2018-02-21 06:56:03',	'2018-10-12 08:04:59',	'2018-12-28 12:33:08',	'2018-03-22 19:21:59'),
(945,	'DL-0945',	'2018-09-23 00:45:52',	'2018-12-04 19:07:07',	'2018-07-21 22:09:44',	'2018-03-22 19:21:59'),
(946,	'DL-0946',	'2018-05-26 04:07:49',	'2018-06-13 13:26:50',	'2018-12-24 17:37:23',	'2018-03-22 19:21:59'),
(947,	'DL-0947',	'2018-03-30 08:02:02',	'2018-10-08 00:09:02',	'2018-02-11 09:44:25',	'2018-03-22 19:21:59'),
(948,	'DL-0948',	'2018-10-11 10:02:13',	'2018-10-17 07:08:44',	'2018-12-29 15:59:07',	'2018-03-22 19:21:59'),
(949,	'DL-0949',	'2018-12-28 10:59:54',	'2018-09-15 08:30:10',	'2018-07-25 16:02:12',	'2018-03-22 19:21:59'),
(950,	'DL-0950',	'2018-09-30 17:33:50',	'2018-10-29 01:56:21',	'2018-03-20 07:48:53',	'2018-03-22 19:21:59'),
(951,	'DL-0951',	'2018-07-28 10:43:56',	'2018-09-28 05:37:36',	'2018-11-30 01:52:22',	'2018-03-22 19:21:59'),
(952,	'DL-0952',	'2018-01-22 20:30:46',	'2018-10-20 02:16:06',	'2018-05-26 19:58:58',	'2018-03-22 19:21:59'),
(953,	'DL-0953',	'2018-01-24 03:19:20',	'2018-04-04 23:03:58',	'2018-10-03 18:23:32',	'2018-03-22 19:21:59'),
(954,	'DL-0954',	'2018-05-01 09:24:41',	'2018-09-09 14:54:01',	'2018-12-12 10:43:38',	'2018-03-22 19:21:59'),
(955,	'DL-0955',	'2018-01-28 00:18:32',	'2018-01-09 05:04:50',	'2018-09-10 20:58:51',	'2018-03-22 19:21:59'),
(956,	'DL-0956',	'2018-04-02 09:18:04',	'2018-10-18 09:37:10',	'2018-03-26 20:30:58',	'2018-03-22 19:21:59'),
(957,	'DL-0957',	'2018-06-28 03:12:36',	'2018-12-01 06:40:29',	'2018-04-10 00:32:16',	'2018-03-22 19:21:59'),
(958,	'DL-0958',	'2018-08-31 16:17:10',	'2018-09-06 16:07:53',	'2018-11-26 16:32:11',	'2018-03-22 19:21:59'),
(959,	'DL-0959',	'2018-10-06 10:18:27',	'2018-10-28 04:23:24',	'2018-07-15 09:01:13',	'2018-03-22 19:22:00'),
(960,	'DL-0960',	'2018-05-09 22:50:14',	'2018-11-04 18:28:25',	'2018-02-22 06:32:00',	'2018-03-22 19:22:00'),
(961,	'DL-0961',	'2018-11-10 17:09:55',	'2018-05-14 14:14:35',	'2018-06-08 04:38:03',	'2018-03-22 19:22:00'),
(962,	'DL-0962',	'2018-12-01 06:28:44',	'2018-02-21 16:06:27',	'2018-06-03 09:10:54',	'2018-03-22 19:22:00'),
(963,	'DL-0963',	'2018-12-12 12:18:14',	'2018-11-28 23:31:31',	'2018-10-17 08:58:02',	'2018-03-22 19:22:00'),
(964,	'DL-0964',	'2018-07-21 05:49:30',	'2018-11-23 23:15:21',	'2018-10-05 03:52:54',	'2018-03-22 19:22:00'),
(965,	'DL-0965',	'2018-10-08 16:50:21',	'2018-03-15 07:55:25',	'2018-12-23 04:12:55',	'2018-03-22 19:22:00'),
(966,	'DL-0966',	'2018-04-29 06:48:22',	'2018-09-05 04:02:30',	'2018-11-25 00:58:23',	'2018-03-22 19:22:00'),
(967,	'DL-0967',	'2018-05-19 15:28:41',	'2018-10-07 00:07:34',	'2018-12-30 15:58:32',	'2018-03-22 19:22:00'),
(968,	'DL-0968',	'2018-07-15 09:06:03',	'2018-09-06 00:15:51',	'2018-07-06 04:01:56',	'2018-03-22 19:22:00'),
(969,	'DL-0969',	'2018-08-15 03:25:09',	'2018-04-24 22:34:25',	'2018-01-10 08:44:04',	'2018-03-22 19:22:00'),
(970,	'DL-0970',	'2018-01-16 18:05:24',	'2018-11-08 01:59:17',	'2018-07-01 23:50:49',	'2018-03-22 19:22:00'),
(971,	'DL-0971',	'2018-05-11 07:20:46',	'2018-04-01 16:41:05',	'2018-02-14 11:10:40',	'2018-03-22 19:22:00'),
(972,	'DL-0972',	'2018-11-22 15:46:43',	'2018-02-17 17:02:22',	'2018-05-24 22:59:31',	'2018-03-22 19:22:00'),
(973,	'DL-0973',	'2018-02-17 00:44:25',	'2018-12-08 04:09:12',	'2018-06-12 16:32:29',	'2018-03-22 19:22:00'),
(974,	'DL-0974',	'2018-07-10 14:37:46',	'2018-06-10 11:39:48',	'2018-05-05 09:02:13',	'2018-03-22 19:22:00'),
(975,	'DL-0975',	'2018-05-16 06:44:56',	'2018-03-03 20:04:04',	'2018-08-05 04:19:49',	'2018-03-22 19:22:00'),
(976,	'DL-0976',	'2018-03-30 03:20:56',	'2018-08-13 08:00:11',	'2018-09-09 19:39:10',	'2018-03-22 19:22:00'),
(977,	'DL-0977',	'2018-05-23 05:48:03',	'2018-01-18 07:29:23',	'2018-12-29 20:39:47',	'2018-03-22 19:22:00'),
(978,	'DL-0978',	'2018-04-11 11:21:07',	'2018-03-22 21:56:44',	'2018-05-06 07:32:01',	'2018-03-22 19:22:00'),
(979,	'DL-0979',	'2018-02-18 04:05:08',	'2018-02-09 18:19:49',	'2018-11-18 20:22:56',	'2018-03-22 19:22:00'),
(980,	'DL-0980',	'2018-02-28 15:48:23',	'2018-09-05 11:07:48',	'2018-03-28 05:25:27',	'2018-03-22 19:22:00'),
(981,	'DL-0981',	'2018-02-13 09:28:53',	'2018-05-31 15:49:05',	'2018-05-17 19:42:32',	'2018-03-22 19:22:01'),
(982,	'DL-0982',	'2018-07-09 07:58:18',	'2018-12-12 23:35:25',	'2018-03-27 18:55:33',	'2018-03-22 19:22:01'),
(983,	'DL-0983',	'2018-02-21 21:37:00',	'2018-07-06 08:50:33',	'2018-02-03 09:17:45',	'2018-03-22 19:22:01'),
(984,	'DL-0984',	'2018-12-01 15:14:19',	'2018-08-02 09:42:35',	'2018-02-14 14:11:40',	'2018-03-22 19:22:01'),
(985,	'DL-0985',	'2018-12-19 22:34:00',	'2018-06-03 20:15:45',	'2018-05-09 18:12:38',	'2018-03-22 19:22:01'),
(986,	'DL-0986',	'2018-05-21 06:09:20',	'2018-12-01 11:06:04',	'2018-04-08 09:42:48',	'2018-03-22 19:22:01'),
(987,	'DL-0987',	'2018-11-01 11:42:33',	'2018-11-24 10:56:51',	'2018-03-14 12:54:09',	'2018-03-22 19:22:01'),
(988,	'DL-0988',	'2018-08-18 04:44:22',	'2018-06-06 15:32:16',	'2018-10-31 15:17:58',	'2018-03-22 19:22:01'),
(989,	'DL-0989',	'2018-12-23 15:47:58',	'2018-05-27 22:49:52',	'2018-07-31 18:15:01',	'2018-03-22 19:22:01'),
(990,	'DL-0990',	'2018-04-29 23:04:54',	'2018-06-22 10:42:21',	'2018-12-17 22:58:16',	'2018-03-22 19:22:01'),
(991,	'DL-0991',	'2018-01-31 11:17:26',	'2018-10-27 05:43:34',	'2018-06-10 01:57:55',	'2018-03-22 19:22:01'),
(992,	'DL-0992',	'2018-04-23 08:16:42',	'2018-01-04 15:15:45',	'2018-07-09 12:56:10',	'2018-03-22 19:22:01'),
(993,	'DL-0993',	'2018-09-17 07:05:45',	'2018-03-05 02:45:47',	'2018-05-30 15:31:48',	'2018-03-22 19:22:01'),
(994,	'DL-0994',	'2018-03-04 04:25:04',	'2018-07-21 06:20:08',	'2018-06-14 13:29:40',	'2018-03-22 19:22:01'),
(995,	'DL-0995',	'2018-01-10 06:42:34',	'2018-09-03 12:13:36',	'2018-03-28 13:10:50',	'2018-03-22 19:22:01'),
(996,	'DL-0996',	'2018-05-15 23:40:41',	'2018-06-09 08:05:14',	'2018-12-19 22:54:47',	'2018-03-22 19:22:01'),
(997,	'DL-0997',	'2018-11-19 20:26:14',	'2018-07-06 18:17:13',	'2018-07-03 06:09:47',	'2018-03-22 19:22:01'),
(998,	'DL-0998',	'2018-07-05 05:18:46',	'2018-04-03 23:13:21',	'2018-12-02 11:01:28',	'2018-03-22 19:22:01'),
(999,	'DL-0999',	'2018-10-13 14:56:21',	'2018-12-16 19:30:23',	'2018-02-09 13:26:10',	'2018-03-22 19:22:01');

-- 2018-03-22 19:27:58
